NP_057182,NM_016098.4
NP_001139310,NM_001145838.2
NP_006443,NM_006452.4
NP_001185808,NM_001198879.2
NP_619520,NM_138615.3
NP_116072,NM_032683.3
NP_060345,NM_017875.4
NP_065175,NM_020442.6
NP_001275885,NM_001288956.2
NP_997717,NM_212552.3
NP_777577,NM_174917.5
NP_852090,NM_181425.3
NP_001229698,NM_001242769.3
NP_004996,NM_005005.3
NP_060192,NM_017722.5
NP_001274374,NM_001287445.2
NP_001247440,NM_001260511.2
NP_835497,NM_178190.3
NP_001653,NM_001662.4
NP_060615,NM_018145.3
NP_001087,NM_001096.3
NP_631901,NM_139162.4
NP_001159579,NM_001166107.1
NP_001266287,NM_001279358.2
NP_001106676,NM_001113205.2
NP_997401,NM_207518.3
NP_055067,NM_014252.4
NP_001257655,NM_001270726.1
NP_001164626,NM_001171155.2
NP_001137311,NM_001143839.4
NP_115727,NM_032351.6
NP_001276839,NM_001289910.1
NP_001123515,NM_001130043.2
NP_001192177,NM_001205248.2
NP_001180466,NM_001193537.3
NP_001135827,NM_001142355.1
NP_932164,NM_198047.3
NP_065438,NM_020548.9
NP_004854,NM_004863.4
NP_001121132,NM_001127660.2
NP_057170,NM_016086.3
NP_001186768,NM_001199839.2
NP_001120686,NM_001127214.4
NP_002216,NM_002225.5
NP_001018070,NM_001018060.3
NP_001165132,NM_001171661.1
NP_653253,NM_144652.4
NP_001263995,NM_001277066.2
NP_001230133,NM_001243204.2
NP_005129,NM_005138.3
NP_061328,NM_018840.5
NP_009119,NM_007188.5
NP_079081,NM_024805.3
NP_003739,NM_003748.4
NP_001005369,NM_001005369.1
NP_001389,NM_001398.3
NP_001265098,NM_001278169.1
NP_851828,NM_181311.4
NP_001257377,NM_001270448.2
NP_055744,NM_014929.4
NP_068746,NM_021927.3
NP_733844,NM_170726.3
NP_001350,NM_001359.2
NP_663781,NM_145729.3
NP_060715,NM_018245.3
NP_001269873,NM_001282944.2
NP_997260,NM_207377.3
NP_004536,NM_004545.4
NP_001229754,NM_001242825.2
NP_079472,NM_025196.4
NP_001271332,NM_001284403.2
NP_001165088,NM_001171617.1
NP_995318,NM_205846.3
NP_004740,NM_004749.4
NP_001186674,NM_001199745.2
NP_001136017,NM_001142545.2
NP_542380,NM_080649.3
NP_877416,NM_182739.3
NP_009129,NM_007198.4
NP_001128142,NM_001134670.2
NP_001258349,NM_001271420.2
NP_036360,NM_012228.4
YP_003024038,NC_012920.1
NP_001248374,NM_001261445.2
NP_619528,NM_138622.4
NP_001257294,NM_001270365.2
NP_852615,NM_181514.2
YP_003024037,
NP_958800,NM_201398.3
NP_000311,NM_000320.3
NP_001120920,NM_001127448.2
NP_060299,NM_017829.6
NP_005317,NM_005326.6
NP_001106678,NM_001113207.2
NP_060379,NM_017909.4
NP_055720,NM_014905.5
NP_110407,NM_030780.5
NP_001129470,NM_001135998.3
NP_001138863,NM_001145391.2
NP_777549,NM_174889.5
NP_001035282,NM_001040192.3
NP_001155058,NM_001161586.3
NP_808816,NM_177947.3
NP_001073311,NM_001079842.3
NP_000681,NM_000690.4
NP_932155,NM_198038.3
NP_001153682,NM_001160210.2
NP_004270,NM_004279.3
NP_001857,NM_001866.3
NP_057154,NM_016070.4
NP_056230,NM_015415.3
NP_000150,NM_000159.4
NP_001186221,NM_001199292.2
NP_002291,NM_002300.8
NP_001001975,NM_001001975.2
NP_004896,NM_004905.3
NP_079114,NM_024838.5
NP_001188503,NM_001201574.2
NP_776164,NM_173803.4
NP_036359,NM_012227.4
NP_009133,NM_007202.4
NP_000624,NM_000633.3
NP_004366,NM_004375.5
NP_002940,NM_002949.4
NP_001171485,NM_001178014.2
NP_005800,NM_005809.6
NP_004640,NM_004649.8
NP_001068566,NM_001075098.4
NP_004083,NM_004092.4
NP_055153,NM_014338.4
NP_525022,NM_080283.4
NP_001161205,NM_001167733.3
NP_003680,NM_003689.4
NP_064632,NM_020247.5
NP_055781,NM_014966.4
NP_001244271,NM_001257342.2
NP_001230709,NM_001243780.2
NP_001138608,NM_001145136.1
NP_001139373,NM_001145901.2
NP_001121188,NM_001127716.2
NP_951056,NM_199074.2
NP_001002030,NM_001002030.2
NP_057366,NM_016282.4
NP_000628,NM_000637.5
NP_001242936,NM_001256007.3
NP_001153566,NM_001160094.2
NP_078816,NM_024540.4
NP_056499,NM_015684.4
NP_671517,NM_147161.4
NP_000447,NM_000456.3
NP_001267716,NM_001280787.1
NP_001079990,NM_001086521.2
NP_003357,NM_003366.4
NP_115990,NM_032601.4
NP_001185462,NM_001198533.2
NP_001185625,NM_001198696.2
NP_005613,NM_005622.4
NP_001180467,NM_001193538.3
NP_001273735,NM_001286806.2
NP_002532,NM_002541.4
NP_071748,NM_022353.3
NP_001273612,NM_001286683.1
NP_619527,NM_138621.5
NP_055217,NM_014402.5
NP_001268370,NM_001281441.2
NP_954635,NM_199166.2
NP_001171918,NM_001184989.2
NP_060846,NM_018376.4
NP_001002019,NM_001002019.3
NP_001159887,NM_001166415.2
NP_000378,NM_000387.6
NP_001258864,NM_001271935.1
NP_001231319,NM_001244390.2
NP_060669,NM_018199.4
NP_037542,NM_013410.4
NP_851829,NM_181312.4
NP_001192176,NM_001205247.2
NP_036354,NM_012222.3
NP_005165,NM_005174.4
NP_004532,NM_004541.4
NP_003670,NM_003679.5
NP_001026871,NM_001031701.3
NP_005693,NM_005702.4
NP_001230707,NM_001243778.2
NP_001263432,NM_001276503.2
NP_001120930,NM_001127458.2
NP_001001503,NM_001001503.2
NP_001245267,NM_001258338.2
NP_001007100,NM_001007099.3
NP_777582,NM_174922.5
NP_443195,NM_052963.3
NP_079030,NM_024754.5
NP_001035521,NM_001040431.3
NP_060625,NM_018155.3
NP_001273677,NM_001286748.2
NP_001120865,NM_001127393.2
NP_001123552,NM_001130080.3
NP_065129,NM_020396.4
NP_006467,NM_006476.5
NP_001159733,NM_001166261.2
NP_954646,NM_199177.4
NP_004043,NM_004052.4
NP_061845,NM_018972.4
NP_060708,NM_018238.4
NP_001155253,NM_001161781.2
NP_660304,NM_145261.4
NP_001161339,NM_001167867.2
NP_001269920,NM_001282991.2
NP_115868,NM_032479.4
NP_001231498,NM_001244569.1
NP_004065,NM_004074.3
NP_065154,NM_020421.4
NP_004882,NM_004891.4
NP_000523,NM_000532.5
NP_057001,NM_015917.3
NP_001077434,NM_001083965.2
NP_663619,NM_145644.3
NP_001186887,NM_001199958.2
NP_942133,NM_198836.3
NP_001257663,NM_001270734.2
NP_001077432,NM_001083963.1
NP_079428,NM_025152.3
NP_001156333,NM_001162861.2
NP_060017,NM_017547.4
NP_001107000,NM_001113528.2
NP_001273426,NM_001286497.2
NP_001273048,NM_001286119.3
NP_955399,NM_199367.3
NP_060294,NM_017824.5
NP_116250,NM_032861.4
NP_001154848,NM_001161376.2
NP_001036011,NM_001042546.2
NP_001184249,NM_001197320.2
NP_001137456,NM_001143984.2
NP_004918,NM_004927.4
NP_001128582,NM_001135110.3
NP_001269842,NM_001282913.2
NP_542379,NM_080648.3
NP_001129293,NM_001135821.2
NP_005591,NM_005600.3
NP_001274316,NM_001287387.2
NP_064573,NM_020188.5
NP_001129674,NM_001136202.2
NP_058213,NM_016820.4
NP_001230674,NM_001243745.3
NP_001025010,NM_001029839.3
NP_001242939,NM_001256010.3
NP_003353,NM_003362.4
NP_001139423,NM_001145951.2
NP_077025,NM_024120.5
NP_066957,NM_021134.4
NP_068596,NM_021824.3
NP_001008661,NM_001008661.3
NP_000099,NM_000108.5
NP_057152,NM_016068.3
NP_872384,NM_182578.4
NP_004991,NM_005000.5
NP_073714,NM_022803.3
NP_001242937,NM_001256008.3
NP_004137,NM_004146.6
NP_006336,NM_006345.4
NP_003115,NM_003124.5
NP_116198,NM_032809.4
NP_001162580,NM_001169109.2
NP_000021,NM_000030.3
NP_000173,NM_000182.5
NP_001245313,NM_001258384.3
NP_057571,NM_016487.5
NP_057649,NM_016565.3
NP_001274269,NM_001287340.2
NP_001028752,NM_001033580.3
NP_002481,NM_002490.6
NP_001599,NM_001608.4
NP_942134,NM_198837.2
NP_060273,NM_017803.5
NP_037519,NM_013387.4
NP_001273195,NM_001286266.2
NP_001177989,NM_001191060.2
NP_036539,NM_012407.4
NP_115487,NM_032111.4
NP_060816,NM_018346.3
NP_851830,NM_181313.4
NP_001019636,NM_001024465.3
NP_060289,NM_017819.4
YP_003024034,NC_012920.1
NP_001177793,NM_001190864.2
NP_001275683,NM_001288754.2
NP_116186,NM_032797.6
NP_001254792,NM_001267863.1
NP_071942,NM_022497.5
NP_001166983,NM_001173512.3
NP_001269945,NM_001283016.2
NP_001254629,NM_001267700.1
NP_001265523,NM_001278594.2
NP_001275583,NM_001288654.2
NP_006105,NM_006114.3
NP_056071,NM_015256.4
NP_002601,NM_002610.5
NP_004553,NM_004562.3
NP_001180289,NM_001193360.2
NP_001122099,NM_001128627.1
NP_001244292,NM_001257363.3
NP_694558,NM_153013.5
NP_001011670,NM_001011670.3
NP_037460,NM_013328.4
NP_001230208,NM_001243279.3
NP_002519,NM_002528.7
NP_001159735,NM_001166263.2
NP_055487,NM_014672.4
NP_001269287,NM_001282358.2
NP_054894,NM_014175.4
NP_001257882,NM_001270953.2
NP_001091991,NM_001098521.2
NP_001074318,NM_001080849.3
NP_055199,NM_014384.3
NP_001265519,NM_001278590.2
NP_219480,NM_033412.4
NP_001166926,NM_001173455.2
NP_000007,NM_000016.6
NP_002533,NM_002542.6
NP_001730,NM_001739.2
NP_055975,NM_015160.3
NP_066950,NM_021127.3
NP_653164,NM_144563.3
NP_852129,NM_181464.3
NP_001152980,NM_001159508.3
NP_001129335,NM_001135863.2
NP_001186912,NM_001199983.2
YP_003024035,NC_012920.1
NP_659466,NM_145029.4
NP_061133,NM_018663.3
NP_071344,NM_022061.4
NP_942135,NM_198838.2
NP_001186780,NM_001199851.1
NP_113608,NM_031420.4
NP_056182,NM_015367.4
NP_079235,NM_024959.4
NP_001271263,NM_001284334.2
NP_057034,NM_015950.5
NP_060867,NM_018397.5
NP_058214,NM_016821.3
NP_114107,NM_031901.6
NP_689611,NM_152398.4
NP_001243441,NM_001256512.1
NP_000023,NM_000032.5
NP_001273962,NM_001287033.2
NP_001265392,NM_001278463.2
NP_001158890,NM_001165418.2
NP_077718,NM_024407.5
NP_002590,NM_002599.5
NP_001273401,NM_001286472.2
NP_001269919,NM_001282990.2
NP_004337,NM_004346.4
NP_001093205,NM_001099735.2
NP_001231812,NM_001244883.2
NP_001186779,NM_001199850.1
NP_001188,NM_001197.5
NP_001269713,NM_001282784.2
NP_001003684,NM_001003684.2
NP_001159482,NM_001166010.2
NP_066930,NM_021107.1
NP_005509,NM_005518.4
NP_620116,NM_138761.4
NP_004519,NM_004528.4
NP_060472,NM_018002.3
NP_055470,NM_014655.4
NP_852121,NM_181456.3
NP_001265394,NM_001278465.2
NP_001093640,NM_001100170.2
NP_001158313,NM_001164841.3
NP_001230181,NM_001243252.2
NP_647473,NM_139312.3
NP_150592,NM_033276.4
NP_919255,NM_194279.4
NP_001129511,NM_001136039.2
NP_001158268,NM_001164796.1
NP_001075031,NM_001081562.3
NP_001018088,NM_001018078.2
NP_060694,NM_018224.4
NP_660325,NM_145282.5
NP_001161443,NM_001167971.2
NP_660213,NM_145212.4
NP_443082,NM_052850.4
NP_001159531,NM_001166059.2
NP_001017524,NM_001017524.3
NP_001257455,NM_001270526.2
NP_775738,NM_173467.5
NP_004246,NM_004255.4
NP_848026,NM_178336.3
NP_001265180,NM_001278251.3
NP_001679,NM_001688.5
NP_079095,NM_024819.7
NP_001123514,NM_001130042.2
NP_612393,NM_138384.4
NP_001229437,NM_001242508.1
NP_009169,NM_007238.5
NP_932342,NM_198076.6
NP_001164015,NM_001170544.2
NP_056512,NM_015697.9
NP_009146,NM_007215.4
NP_001245376,NM_001258447.1
NP_001180546,NM_001193617.2
NP_065157,NM_020424.5
NP_932158,NM_198041.3
NP_612815,NM_138578.3
NP_054899,NM_014180.4
NP_001244941,NM_001258012.4
NP_002851,NM_002860.4
NP_001191011,NM_001204082.2
NP_060914,NM_018444.4
NP_002071,NM_002080.4
NP_001186910,NM_001199981.2
NP_054768,NM_014049.5
NP_001001935,NM_001001935.3
NP_079385,NM_025109.6
NP_001243475,NM_001256546.2
NP_004995,NM_005004.4
NP_079325,NM_025049.4
NP_543022,NM_080832.3
NP_115981,NM_032592.4
NP_079272,NM_024996.7
NP_783859,NM_175732.3
NP_001154485,NM_001161013.3
NP_001171488,NM_001178017.3
NP_001248375,NM_001261446.2
NP_057129,NM_016045.3
NP_065796,NM_020745.4
NP_001258866,NM_001271937.2
NP_001157951,NM_001164479.2
NP_078954,NM_024678.6
NP_005521,NM_005530.3
NP_001171915,NM_001184986.1
NP_004773,NM_004782.4
NP_005026,NM_005035.4
NP_663729,NM_145691.4
NP_001263993,NM_001277064.2
NP_878912,NM_182908.5
NP_001014811,NM_001014811.2
NP_000849,NM_000858.7
NP_001816,NM_001825.3
NP_060336,NM_017866.6
NP_001273362,NM_001286433.2
YP_003024036,NC_012920.1
NP_001257808,NM_001270879.2
NP_057611,NM_016527.4
NP_776163,NM_173802.4
NP_001129142,NM_001135670.3
NP_877495,NM_182763.3
NP_620175,NM_138820.4
NP_001015001,NM_001015001.2
NP_001135870,NM_001142398.2
NP_065777,NM_020726.5
NP_877420,NM_182743.3
NP_036272,NM_012140.5
NP_203520,NM_033356.4
NP_036193,NM_012063.4
NP_115679,NM_032303.5
NP_932071,NM_197967.2
NP_001230657,NM_001243728.1
NP_859056,NM_181705.4
NP_683711,NM_148913.4
NP_003346,NM_003355.3
NP_775928,NM_173657.3
NP_065837,NM_020786.4
NP_077733,NM_024419.5
NP_976043,NM_203298.3
NP_001185890,NM_001198961.2
NP_004251,NM_004260.4
NP_001266288,NM_001279359.2
NP_004268,NM_004277.5
NP_068593,NM_021821.4
NP_001273763,NM_001286834.3
NP_005829,NM_005838.4
NP_004709,NM_004718.4
NP_001154483,NM_001161011.3
NP_001185918,NM_001198989.2
NP_060949,NM_018479.4
NP_001165077,NM_001171606.2
NP_002485,NM_002494.3
NP_004539,NM_004548.3
NP_001243413,NM_001256484.2
NP_444283,NM_053055.5
NP_001001973,NM_001001973.3
NP_001241681,NM_001254752.2
NP_036591,NM_012459.4
NP_001273736,NM_001286807.2
NP_001258978,NM_001272049.2
NP_000088,NM_000097.7
NP_951033,NM_199070.2
NP_976060,NM_203315.3
NP_001257656,NM_001270727.1
NP_057312,NM_016228.4
NP_777358,NM_174869.3
NP_958799,NM_201397.3
NP_001166166,NM_001172695.2
NP_036313,NM_012181.5
NP_002516,NM_002525.3
NP_001098669,NM_001105199.2
NP_001688,NM_001697.3
NP_001001937,NM_001001937.2
NP_001185891,NM_001198962.1
NP_064551,NM_020166.5
NP_001265520,NM_001278591.2
NP_115649,NM_032273.4
NP_612642,NM_138575.4
NP_001003803,NM_001003803.3
NP_002991,NM_003000.3
NP_000182,NM_000191.3
NP_079509,NM_025233.7
NP_057444,NM_016360.4
NP_001116080,NM_001122608.3
NP_001244272,NM_001257343.2
NP_002148,NM_002157.3
NP_004537,NM_004546.3
NP_001171752,NM_001184823.2
NP_001161444,NM_001167972.2
NP_060342,NM_017872.5
NP_001230328,NM_001243399.2
NP_004364,NM_004373.4
NP_001122098,NM_001128626.2
NP_057222,NM_016138.5
NP_001271254,NM_001284325.2
NP_057575,NM_016491.4
NP_653190,NM_144589.4
NP_001185461,NM_001198532.1
NP_001181,NM_001190.4
NP_689565,NM_152352.4
NP_001041639,NM_001048174.2
NP_057134,NM_016050.5
NP_071446,NM_022163.4
NP_056985,NM_015901.6
NP_003767,NM_003776.4
NP_001231878,NM_001244949.2
NP_001135938,NM_001142466.3
NP_001007099,NM_001007098.3
NP_001229756,NM_001242827.1
NP_997198,NM_207315.4
NP_116184,NM_032795.3
NP_001072993,NM_001079525.2
NP_000772,NM_000781.3
NP_001180384,NM_001193455.2
NP_055704,NM_014889.4
NP_001138299,NM_001144827.2
NP_001267727,NM_001280798.2
NP_570850,NM_130837.3
NP_937798,NM_198155.5
NP_001158182,NM_001164710.2
NP_001273641,NM_001286712.1
NP_076425,NM_023936.2
NP_077008,NM_024103.3
NP_001995,NM_002004.4
NP_001003941,NM_001003941.3
NP_954573,NM_199122.3
NP_001258979,NM_001272050.2
NP_057118,NM_016034.5
NP_001171634,NM_001184705.4
NP_001011671,NM_001011671.3
NP_078937,NM_024661.5
NP_001121774,NM_001128302.3
NP_005717,NM_005726.6
NP_001098668,NM_001105198.2
NP_612404,NM_138395.4
NP_001164014,NM_001170543.2
NP_036592,NM_012460.4
NP_064533,NM_020148.3
NP_000745,NM_000754.4
NP_001137252,NM_001143780.3
NP_001182033,NM_001195104.3
NP_113651,NM_031463.5
NP_001135828,NM_001142356.1
NP_001035703,NM_001040613.3
NP_078986,NM_024710.3
NP_998816,NM_213651.3
NP_060303,NM_017833.5
NP_055139,NM_014324.6
NP_001034673,NM_001039584.1
NP_001186911,NM_001199982.2
NP_112486,NM_031209.3
NP_001018114,NM_001018104.3
NP_036450,NM_012318.3
NP_004623,NM_004632.4
NP_000627,NM_000636.4
NP_001191756,NM_001204827.2
NP_001116105,NM_001122633.3
NP_001243711,NM_001256782.2
NP_071415,NM_022132.5
NP_573566,NM_133259.4
NP_060422,NM_017952.6
NP_006321,NM_006330.4
NP_872307,NM_182501.4
NP_057153,NM_016069.11
NP_001186784,NM_001199855.2
NP_001019903,NM_001024732.4
NP_001186687,NM_001199758.1
NP_115716,NM_032340.4
NP_001275901,NM_001288972.2
NP_001138423,NM_001144951.2
NP_001002031,NM_001002031.4
NP_001229768,NM_001242839.1
NP_001265645,NM_001278716.2
NP_001272971,NM_001286042.2
NP_055205,NM_014390.4
NP_443133,NM_052901.5
NP_001032367,NM_001037290.4
NP_775742,NM_173471.4
NP_776187,NM_173826.4
NP_001139311,NM_001145839.2
NP_009294,NM_007310.3
NP_001073918,NM_001080449.3
NP_001269943,NM_001283014.2
NP_775908,NM_173637.4
NP_068602,NM_021830.5
NP_060950,NM_018480.7
NP_001229604,NM_001242675.2
NP_071381,NM_022098.4
NP_000131,NM_000140.5
NP_001182,NM_001191.4
NP_001230180,NM_001243251.2
NP_056231,NM_015416.5
NP_057581,NM_016497.4
NP_001091972,NM_001098502.2
NP_115982,NM_032593.3
NP_849158,NM_178836.4
NP_004994,NM_005003.3
NP_005381,NM_005390.5
NP_001041636,NM_001048171.2
NP_115693,NM_032317.3
NP_001190981,NM_001204052.2
NP_056362,NM_015547.4
NP_001243440,NM_001256511.1
NP_001676,NM_001685.5
NP_004199,NM_004208.4
NP_036192,NM_012062.5
NP_001093206,NM_001099736.2
NP_003366,NM_003375.5
NP_877419,NM_182742.3
NP_001135936,NM_001142464.3
NP_001191040,NM_001204111.2
NP_114109,NM_031903.3
NP_054775,NM_014056.4
NP_005681,NM_005690.5
NP_001271330,NM_001284401.2
NP_114144,NM_031938.7
NP_002076,NM_002085.5
NP_001273425,NM_001286496.2
NP_060500,NM_018030.4
NP_115867,NM_032478.4
NP_079483,NM_025207.5
NP_004041,NM_004050.5
NP_001229290,NM_001242361.2
NP_443077,NM_052845.4
NP_001161726,NM_001168254.2
NP_660305,NM_145262.4
NP_002444,NM_002453.3
NP_001275514,NM_001288585.2
NP_001005353,NM_001005353.3
NP_001161343,NM_001167871.2
NP_001002756,NM_001002756.2
NP_001263409,NM_001276480.1
NP_001257660,NM_001270731.2
NP_005909,NM_005918.4
NP_996886,NM_207003.3
NP_037369,NM_013237.4
NP_001186128,NM_001199199.3
NP_001243439,NM_001256510.1
NP_733934,NM_170738.4
NP_659418,NM_144981.3
NP_001018024,NM_001018024.3
NP_060592,NM_018122.5
NP_862826,NM_181843.3
NP_001268405,NM_001281476.3
NP_036340,NM_012208.4
NP_056284,NM_015469.3
NP_056338,NM_015523.4
NP_001028260,NM_001033088.3
NP_057588,NM_016504.3
NP_005166,NM_005175.3
NP_001273113,NM_001286184.2
NP_005720,NM_005729.4
NP_113642,NM_031454.2
NP_057696,NM_016612.4
NP_001269565,NM_001282636.3
NP_001268644,NM_001281715.2
NP_001034444,NM_001039355.3
NP_057158,NM_016074.5
NP_060934,NM_018464.5
NP_001172021,NM_001185092.2
NP_001139681,NM_001146209.3
NP_001689,NM_001698.3
NP_060668,NM_018198.4
NP_001182351,NM_001195422.1
NP_001165131,NM_001171660.2
NP_004313,NM_004322.3
NP_699193,NM_153362.3
NP_001166167,NM_001172696.2
NP_064536,NM_020151.4
NP_689896,NM_152683.4
NP_001191039,NM_001204110.2
NP_001247441,NM_001260512.2
NP_001257658,NM_001270729.2
NP_001073923,NM_001080454.2
NP_060743,NM_018273.4
NP_064571,NM_020186.3
NP_065737,NM_020686.6
NP_001273636,NM_001286707.2
NP_852119,NM_181454.3
NP_001257664,NM_001270735.2
NP_005680,NM_005689.4
NP_001271297,NM_001284368.1
NP_001135877,NM_001142405.2
NP_203527,NM_033363.1
NP_005825,NM_005834.5
NP_001186913,NM_001199984.2
NP_004997,NM_005006.7
NP_612390,NM_138381.5
NP_001138372,NM_001144900.3
NP_001181924,NM_001194995.1
NP_001159829,NM_001166357.1
NP_068605,NM_021833.5
NP_002479,NM_002488.5
NP_057111,NM_016027.3
NP_000445,NM_000454.5
NP_001191088,NM_001204159.3
NP_001155252,NM_001161780.2
NP_001032626,NM_001037537.2
NP_808817,NM_177948.3
NP_001234940,NM_001248011.2
NP_001025011,NM_001029840.3
NP_689629,NM_152416.4
NP_001273046,NM_001286117.3
NP_073738,NM_022827.4
NP_001013454,NM_001013436.4
NP_057665,NM_016581.5
NP_644812,NM_139283.2
NP_001257412,NM_001270483.1
NP_005994,NM_006003.3
NP_149061,NM_033070.3
NP_001095838,NM_001102368.3
NP_671701,NM_147172.3
NP_068758,NM_021939.4
NP_036277,NM_012145.4
NP_006612,NM_006621.7
NP_009014,NM_007083.5
NP_009193,NM_007262.5
NP_898871,NM_183050.4
NP_001161213,NM_001167741.2
NP_060530,NM_018060.4
NP_064511,NM_020126.5
NP_001258628,NM_001271699.3
NP_001276681,NM_001289752.1
NP_002387,NM_002396.5
NP_076423,NM_023934.4
NP_006342,NM_006351.4
NP_001219,NM_001228.5
NP_001265101,NM_001278172.3
NP_001269222,NM_001282293.2
NP_733936,NM_170740.1
NP_001120691,NM_001127219.2
NP_112534,NM_031244.3
NP_542786,NM_080748.3
NP_002602,NM_002611.5
NP_001084,NM_001093.4
NP_001263991,NM_001277062.2
NP_001266286,NM_001279357.2
NP_954584,NM_199133.4
NP_073750,NM_022839.5
NP_055232,NM_014417.5
NP_057155,NM_016071.4
NP_060389,NM_017919.3
NP_071383,NM_022100.3
NP_001269351,NM_001282422.3
NP_004533,NM_004542.4
NP_036371,NM_012239.6
NP_006027,NM_006036.4
NP_001273960,NM_001287031.2
NP_852120,NM_181455.3
NP_001273302,NM_001286373.2
NP_006651,NM_006660.5
NP_005539,NM_005548.3
NP_057166,NM_016082.4
NP_116172,NM_032783.5
NP_543011,NM_080821.3
NP_004565,NM_004574.5
NP_001275694,NM_001288765.2
NP_001027017,NM_001031847.3
NP_110425,NM_030798.5
NP_001252543,NM_001265614.3
NP_006397,NM_006406.2
NP_005934,NM_005943.6
NP_000572,NM_000581.4
NP_001161340,NM_001167868.2
NP_001272972,NM_001286043.2
NP_001142,NM_001151.4
NP_001243460,NM_001256531.1
NP_055078,NM_014263.4
NP_001035958,NM_001042493.3
NP_620128,NM_138773.4
NP_001269946,NM_001283017.2
NP_001243895,NM_001256966.3
NP_001009185,NM_001009185.3
NP_001269441,NM_001282512.3
NP_054786,NM_014067.4
NP_001263435,NM_001276506.2
NP_001121895,NM_001128423.2
NP_001273611,NM_001286682.2
NP_114127,NM_031921.6
NP_001229696,NM_001242767.2
NP_056325,NM_015510.5
NP_001171920,NM_001184991.1
NP_000134,NM_000143.4
NP_951032,NM_199069.2
NP_036475,NM_012343.4
NP_689953,NM_152740.4
NP_001186916,NM_001199987.2
NP_001159418,NM_001165946.2
NP_001157950,NM_001164478.2
NP_001269126,NM_001282197.2
NP_001268442,NM_001281513.2
NP_055157,NM_014342.4
NP_001180242,NM_001193313.2
NP_001159828,NM_001166356.2
NP_872423,NM_182617.4
NP_001165161,NM_001171690.2
NP_112487,NM_031210.6
NP_055066,NM_014251.3
NP_001273639,NM_001286710.2
NP_116009,NM_032620.4
NP_004992,NM_005001.5
NP_001091947,NM_001098477.2
NP_001028740,NM_001033568.3
NP_001273369,NM_001286440.2
NP_001243898,NM_001256969.3
NP_002003,NM_002012.4
NP_078898,NM_024622.6
NP_068598,NM_021826.5
NP_001269160,NM_001282231.2
NP_057055,NM_015971.4
NP_001003805,NM_001003805.3
NP_036226,NM_012094.5
NP_001269916,NM_001282987.2
NP_001265661,NM_001278732.2
NP_001258626,NM_001271697.3
NP_001116849,NM_001123377.2
NP_055116,NM_014301.4
NP_004159,NM_004168.4
NP_001158730,NM_001165258.2
NP_001273766,NM_001286837.3
NP_001158508,NM_001165036.2
NP_005975,NM_005984.5
NP_001017928,NM_001017928.4
NP_003312,NM_003321.5
NP_001158184,NM_001164712.2
NP_001474,NM_001483.3
NP_060831,NM_018361.5
NP_001076581,NM_001083112.3
NP_000776,NM_000785.4
NP_001243463,NM_001256534.2
NP_683682,NM_148842.3
NP_067055,NM_021232.2
NP_001070148,NM_001076680.3
NP_115527,NM_032151.5
NP_689620,NM_152407.4
NP_001006642,NM_001006641.4
NP_001161221,NM_001167749.3
NP_057139,NM_016055.6
NP_001257456,NM_001270527.2
NP_001124319,NM_001130847.4
NP_001021384,NM_001026213.1
NP_001616,NM_001625.4
NP_001078880,NM_001085411.3
NP_001182147,NM_001195218.1
NP_001122103,NM_001128631.3
NP_001011669,NM_001011669.3
NP_001273640,NM_001286711.2
NP_714917,NM_153706.4
NP_065158,NM_020425.6
NP_060579,NM_018109.4
NP_006544,NM_006553.4
NP_001172023,NM_001185094.2
NP_001127703,NM_001134231.2
NP_065713,NM_020662.4
NP_001265208,NM_001278279.3
NP_001077083,NM_001083614.2
NP_789845,NM_176869.3
NP_057691,NM_016607.4
NP_001137153,NM_001143681.2
NP_001229697,NM_001242768.2
NP_001258692,NM_001271763.2
NP_001166925,NM_001173454.2
NP_056236,NM_015421.4
NP_000700,NM_000709.4
NP_001243056,NM_001256127.3
NP_653251,NM_144650.3
NP_000522,NM_000531.6
NP_620118,NM_138763.4
NP_997231,NM_207348.3
NP_001258627,NM_001271698.3
NP_000231,NM_000240.4
NP_002684,NM_002693.3
YP_003024030,NC_012920.1
NP_001275881,NM_001288952.2
NP_001129673,NM_001136201.2
NP_612367,NM_138358.4
NP_001263433,NM_001276504.2
NP_689939,NM_152726.3
NP_001244945,NM_001258016.3
NP_002482,NM_002491.3
NP_001165084,NM_001171613.2
NP_689920,NM_152707.4
NP_006419,NM_006428.5
NP_001269714,NM_001282785.2
NP_001159715,NM_001166243.3
NP_001182031,NM_001195102.3
NP_001035845,NM_001042386.2
NP_001020419,NM_001025248.2
NP_001229236,NM_001242307.2
NP_001265096,NM_001278167.2
NP_006068,NM_006077.4
NP_001033056,NM_001037967.4
NP_001136019,NM_001142547.3
NP_722546,NM_153824.3
NP_000265,NM_000274.4
NP_777587,NM_174927.3
NP_057370,NM_016286.4
NP_057552,NM_016468.7
NP_001258855,NM_001271926.3
NP_001138741,NM_001145269.2
NP_001268425,NM_001281496.2
NP_872282,NM_182476.3
NP_001014763,NM_001014763.1
NP_001273047,NM_001286118.3
NP_955472,NM_199440.2
NP_068779,NM_021960.5
NP_000246,NM_000255.4
NP_001273961,NM_001287032.1
NP_001028222,NM_001033050.3
NP_060597,NM_018127.7
NP_001034937,NM_001039848.4
NP_001230618,NM_001243689.2
NP_001008216,NM_001008215.3
NP_085054,NM_030577.3
NP_001026883,NM_001031713.4
NP_922946,NM_197955.3
NP_001009584,NM_001009584.2
NP_116136,NM_032747.4
NP_079412,NM_025136.4
NP_061881,NM_019008.6
NP_001229605,NM_001242676.2
NP_057150,NM_016066.4
NP_036605,NM_012473.4
NP_444278,NM_053050.5
NP_001853,NM_001862.3
NP_001265271,NM_001278342.1
NP_077027,NM_024122.5
NP_001177162,NM_001190233.2
NP_001191759,NM_001204830.2
NP_009031,NM_007100.4
NP_683684,NM_148886.2
NP_116784,NM_032989.3
NP_113669,NM_031481.3
NP_699170,NM_153339.3
NP_002483,NM_002492.4
NP_002038,NM_002047.4
NP_001677,NM_001686.4
NP_001159830,NM_001166358.2
NP_064621,NM_020236.4
NP_001190983,NM_001204054.3
NP_002486,NM_002495.4
NP_001273149,NM_001286220.2
NP_001191019,NM_001204090.2
NP_001265231,NM_001278302.1
NP_001265179,NM_001278250.3
NP_001187,NM_001196.4
NP_001166939,NM_001173468.2
NP_001122388,NM_001128916.2
NP_061820,NM_018947.6
NP_001171724,NM_001184795.1
NP_001273702,NM_001286773.2
NP_114068,NM_031862.4
NP_997211,NM_207328.4
NP_004367,NM_004376.7
NP_001035806,NM_001040716.2
NP_060935,NM_018465.4
NP_570972,NM_130902.3
NP_115938,NM_032549.4
NP_057119,NM_016035.5
NP_619531,NM_138625.4
NP_001180196,NM_001193267.2
NP_000399,NM_000408.5
NP_001171941,NM_001185012.2
NP_001275695,NM_001288766.2
NP_079425,NM_025149.6
NP_057097,NM_016013.4
NP_001123882,NM_001130410.2
NP_036292,NM_012160.5
NP_060611,NM_018141.4
NP_061932,NM_019059.5
NP_056193,NM_015378.4
NP_001910,NM_001919.4
NP_004555,NM_004564.3
NP_660198,NM_145197.3
NP_008834,NM_006903.4
NP_001180240,NM_001193311.2
NP_057483,NM_016399.3
NP_001268231,NM_001281302.2
NP_006800,NM_006809.5
NP_006703,NM_006712.5
NP_004100,NM_004109.5
NP_001003697,NM_001003697.2
NP_892022,NM_182977.3
NP_005155,NM_005164.4
NP_001257376,NM_001270447.2
NP_058436,NM_016827.3
NP_055037,NM_014222.3
NP_001075029,NM_001081560.3
NP_064716,NM_020320.5
NP_003553,NM_003562.5
NP_001230711,NM_001243782.2
NP_001229810,NM_001242881.2
NP_001020420,NM_001025249.1
NP_060311,NM_017841.4
NP_066553,NM_021075.4
NP_001128179,NM_001134707.2
NP_001186785,NM_001199856.2
NP_056651,NM_015836.4
NP_004960,NM_004969.4
NP_001129294,NM_001135822.2
NP_001155251,NM_001161779.2
NP_000679,NM_000688.6
NP_001191035,NM_001204106.2
NP_612638,NM_138571.5
NP_001132982,NM_001139510.2
NP_001294,NM_001303.4
NP_001003701,NM_001003701.2
NP_689452,NM_152246.3
NP_064628,NM_020243.5
NP_001188502,NM_001201573.2
NP_057053,NM_015969.3
NP_150597,NM_033281.6
NP_001856,NM_001865.6
NP_079046,NM_024770.5
NP_892005,NM_182960.4
NP_001536,NM_001545.3
NP_001138341,NM_001144869.3
NP_060441,NM_017971.4
NP_000746,NM_000755.5
NP_001269127,NM_001282198.2
RP11_469A15.2,
NP_003162,NM_003171.5
NP_001258570,NM_001271641.2
NP_001258610,NM_001271681.2
NP_001627,NM_001636.4
NP_006011,NM_006020.3
NP_001258825,NM_001271896.2
NP_004543,NM_004552.3
NP_001071,NM_001080.3
NP_001035844,NM_001042385.2
NP_005324,NM_005333.5
NP_006787,NM_006796.3
NP_660200,NM_145199.3
NP_001161206,NM_001167734.2
NP_001275888,NM_001288959.2
NP_060843,NM_018373.3
NP_006784,NM_006793.5
NP_001269564,NM_001282635.3
NP_059117,NM_017421.4
NP_001273572,NM_001286643.1
NP_036216,NM_012084.4
NP_001434,NM_001443.3
NP_001165285,NM_001171814.2
NP_001180291,NM_001193362.2
NP_055578,NM_014763.4
NP_694551,NM_153006.3
NP_005821,NM_005830.4
NP_064696,NM_020300.5
NP_060714,NM_018244.5
NP_001231535,NM_001244606.2
NP_932066,NM_197962.3
NP_066270,NM_020990.5
NP_001035994,NM_001042529.3
NP_001265522,NM_001278593.2
NP_001269712,NM_001282783.2
NP_001010891,NM_001010891.5
NP_037379,NM_013247.5
NP_005872,NM_005881.4
NP_001034464,NM_001039375.3
NP_001152,NM_001161.5
NP_000389,NM_000398.7
NP_057724,NM_016640.4
NP_001171916,NM_001184987.1
NP_060599,NM_018129.4
NP_001269944,NM_001283015.2
NP_115709,NM_032333.5
NP_001273303,NM_001286374.2
NP_653177,NM_144576.4
NP_787103,NM_175907.6
NP_115691,NM_032315.3
NP_001138609,NM_001145137.2
NP_001137468,NM_001143996.2
NP_058434,NM_016826.3
NP_055580,NM_014765.3
NP_001271296,NM_001284367.2
NP_001107656,NM_001114184.3
NP_001192180,NM_001205251.2
NP_658985,NM_144772.3
NP_001245375,NM_001258446.1
NP_001186904,NM_001199975.3
NP_001010867,NM_001010867.4
NP_061924,NM_019051.3
NP_037399,NM_013267.4
NP_001258936,NM_001272007.2
NP_057100,NM_016016.4
NP_001275898,NM_001288969.2
NP_064587,NM_020202.5
NP_683710,NM_148912.4
NP_001265395,NM_001278466.2
NP_005000,NM_005009.3
NP_942127,NM_198830.2
NP_077276,NM_024300.5
NP_001116429,NM_001122957.4
NP_001138450,NM_001144978.3
NP_001258142,NM_001271213.2
NP_001014990,NM_001014990.3
NP_001158312,NM_001164840.3
NP_001180390,NM_001193461.2
NP_066552,NM_021074.5
NP_001120702,NM_001127230.2
NP_056399,NM_015584.5
NP_057040,NM_015956.3
NP_612428,NM_138419.5
NP_149098,NM_033107.4
NP_001269875,NM_001282946.2
NP_001268441,NM_001281512.2
NP_076996,NM_024091.4
NP_058212,NM_016819.4
NP_115866,NM_032477.3
NP_115998,NM_032609.3
NP_001034931,NM_001039842.3
NP_789762,NM_176792.3
NP_001600,NM_001609.4
NP_872603,NM_182662.2
NP_001073332,NM_001079863.3
NP_064695,NM_020299.5
NP_001171908,NM_001184979.2
NP_001154482,NM_001161010.3
NP_001244062,NM_001257133.2
NP_001180389,NM_001193460.2
NP_001182032,NM_001195103.3
NP_060887,NM_018417.6
NP_060666,NM_018196.4
NP_001273428,NM_001286499.2
NP_001274178,NM_001287249.2
NP_942131,NM_198834.3
NP_877393,NM_182729.3
NP_001229831,NM_001242902.1
NP_071403,NM_022120.2
NP_001099014,NM_001105544.2
NP_073591,NM_022754.7
NP_001272973,NM_001286044.2
NP_001243406,NM_001256477.1
NP_001027535,NM_001032363.4
NP_036335,NM_012203.2
NP_001504,NM_001513.3
NP_001137152,NM_001143680.2
NP_004322,NM_004331.3
NP_001120713,NM_001127241.3
NP_060626,NM_018156.4
NP_001265574,NM_001278645.2
NP_004290,NM_004299.6
NP_001939,NM_001948.4
NP_055112,NM_014297.5
NP_079423,NM_025147.5
NP_932070,NM_197966.3
NP_054861,NM_014142.4
NP_116199,NM_032810.4
NP_001136026,NM_001142554.3
NP_110438,NM_030811.4
NP_001186782,NM_001199853.2
NP_000300,NM_000309.5
NP_001271245,NM_001284316.2
NP_001003704,NM_001003704.3
NP_001229603,NM_001242674.2
NP_079160,NM_024884.3
NP_001159630,NM_001166158.2
NP_619533,NM_138627.4
NP_005331,NM_005340.7
NP_001258998,NM_001272069.2
NP_001189333,NM_001202404.2
NP_001273680,NM_001286751.2
NP_001274270,NM_001287341.2
NP_001159631,NM_001166159.2
NP_001070867,NM_001077399.3
NP_001263994,NM_001277065.2
YP_003024032,NC_012920.1
NP_115756,NM_032380.5
NP_443188,NM_052956.3
NP_783313,NM_175614.5
NP_006285,NM_006294.5
NP_058438,NM_016829.3
NP_078813,NM_024537.4
NP_001273400,NM_001286471.1
NP_116205,NM_032816.5
NP_112485,NM_031208.4
NP_001243347,NM_001256418.1
NP_001138836,NM_001145364.3
NP_002428,NM_002437.5
NP_919433,NM_194451.3
NP_079348,NM_025072.7
NP_001155178,NM_001161706.1
NP_001161072,NM_001167600.3
NP_001120701,NM_001127229.2
NP_114403,NM_032014.3
NP_149972,NM_033195.3
NP_003837,NM_003846.3
NP_037543,NM_013411.5
NP_079523,NM_025247.6
NP_037525,NM_013393.3
NP_001743,NM_001752.4
NP_115890,NM_032501.4
NP_001855,NM_001864.4
NP_001171513,NM_001178042.4
NP_001129336,NM_001135864.2
NP_001243057,NM_001256128.3
NP_001229812,NM_001242883.2
NP_004538,NM_004547.6
NP_001121164,NM_001127692.3
NP_056195,NM_015380.5
NP_037518,NM_013386.5
NP_055049,NM_014234.5
NP_005653,NM_005662.7
NP_001186886,NM_001199957.2
NP_849189,NM_178858.6
NP_001257387,NM_001270458.2
NP_000889,NM_000898.5
NP_001269124,NM_001282195.2
NP_001137408,NM_001143936.2
NP_057149,NM_016065.4
NP_665707,NM_145764.3
NP_060245,NM_017775.4
NP_060616,NM_018146.4
NP_001867,NM_001876.4
NP_060460,NM_017990.5
NP_073582,NM_022745.6
NP_054642,NM_013987.3
NP_001273193,NM_001286264.2
NP_001135942,NM_001142470.3
NP_061092,NM_018622.7
NP_036221,NM_012089.3
NP_004542,NM_004551.3
NP_872578,NM_182640.3
NP_039663,NM_013976.5
NP_002159,NM_002168.4
NP_001229753,NM_001242824.2
NP_001275693,NM_001288764.2
NP_001098117,NM_001104647.3
NP_004126,NM_004135.4
NP_001026847,NM_001031677.4
NP_001257662,NM_001270733.2
NP_001157286,NM_001163814.2
YP_003024033,NC_012920.1
NP_001186781,NM_001199852.2
NP_955452,NM_199420.4
NP_001161341,NM_001167869.2
NP_005879,NM_005888.4
NP_065797,NM_020746.5
NP_006545,NM_006554.5
NP_000373,NM_000382.3
NP_068380,NM_021734.5
NP_001093096,NM_001099626.2
NP_851313,NM_180982.3
NP_006003,NM_006012.4
NP_001171712,NM_001184783.3
NP_001171070,NM_001177599.2
NP_001171475,NM_001178004.2
NP_001099040,NM_001105570.2
NP_001273045,NM_001286116.2
NP_001123561,NM_001130089.2
NP_001244263,NM_001257334.2
NP_001161342,NM_001167870.2
NP_001257609,NM_001270680.3
NP_570846,NM_130833.3
NP_002302,NM_002311.5
NP_001273194,NM_001286265.2
NP_001007101,NM_001007100.3
NP_001007251,NM_001007250.3
NP_001073594,NM_001080125.2
NP_060850,NM_018380.4
NP_001271333,NM_001284404.2
NP_114111,NM_031905.5
NP_056538,NM_015723.5
NP_863655,NM_181865.3
NP_001161807,NM_001168335.2
NP_001143,NM_001152.5
NP_808818,NM_177949.4
NP_001273716,NM_001286787.2
NP_001243608,NM_001256679.2
NP_001116106,NM_001122634.3
NP_005523,NM_005532.5
NP_008911,NM_006980.5
NP_001275900,NM_001288971.2
NP_075059,NM_022908.3
NP_003867,NM_003876.3
NP_001026976,NM_001031806.2
NP_201575,NM_033318.5
NP_775930,NM_173659.5
NP_689481,NM_152268.4
NP_004541,NM_004550.5
NP_000009,NM_000018.4
NP_001034672,NM_001039583.1
NP_940852,NM_198450.6
NP_001127965,NM_001134493.2
NP_004535,NM_004544.4
NP_570848,NM_130835.3
NP_001273750,NM_001286821.2
NP_115750,NM_032374.4
NP_001191042,NM_001204113.1
NP_057395,NM_016311.5
NP_001240795,NM_001253866.2
NP_001158183,NM_001164711.2
NP_705902,NM_153638.4
NP_001186220,NM_001199291.3
NP_003625,NM_003634.4
NP_038470,NM_013442.3
NP_001002913,NM_001002913.3
NP_001854,NM_001863.5
NP_612455,NM_138446.2
NP_001263990,NM_001277061.2
NP_001029344,NM_001034172.4
NP_055873,NM_015058.2
NP_001269349,NM_001282420.3
NP_001190980,NM_001204051.2
NP_004090,NM_004099.6
NP_001003696,NM_001003696.2
NP_057257,NM_016173.5
NP_001011668,NM_001011668.3
NP_060943,NM_018473.4
NP_079193,NM_024917.6
NP_078894,NM_024618.4
NP_808881,NM_177966.7
NP_001005783,NM_001005783.3
NP_001028755,NM_001033583.3
NP_001035808,NM_001040875.4
NP_066284,NM_021004.4
NP_060310,NM_017840.4
NP_006853,NM_006862.4
NP_872362,NM_182556.4
NP_689572,NM_152359.3
NP_008830,NM_006899.5
NP_001478,NM_001487.4
NP_001137469,NM_001143997.2
NP_001275584,NM_001288655.2
NP_004315,NM_004324.4
NP_054884,NM_014165.4
NP_001157284,NM_001163812.2
NP_001032728,NM_001037639.3
NP_005785,NM_005794.4
NP_001017989,NM_001017989.3
NP_001182155,NM_001195226.2
NP_064518,NM_020133.3
NP_852127,NM_181462.3
NP_063940,NM_019887.6
NP_006558,NM_006567.5
NP_001191012,NM_001204083.2
NP_057049,NM_015965.7
NP_001258214,NM_001271285.2
NP_689996,NM_152783.5
NP_003839,NM_003848.4
NP_112202,NM_030940.4
NP_001986,NM_001995.5
NP_001880,NM_001889.4
NP_001257711,NM_001270782.2
NP_001244944,NM_001258015.3
NP_001158255,NM_001164783.2
NP_000405,NM_000414.4
NP_000135,NM_000144.5
NP_001152863,NM_001159391.3
NP_857635,NM_181652.3
NP_001166116,NM_001172645.2
NP_789764,NM_176794.2
NP_001244264,NM_001257335.2
NP_666500,NM_146388.2
NP_001245321,NM_001258392.3
NP_006102,NM_006111.3
NP_001243442,NM_001256513.1
NP_863654,NM_181864.3
NP_015565,NM_007326.4
NP_620162,NM_138807.4
NP_001186588,NM_001199659.3
NP_001171820,NM_001184891.2
NP_001245390,NM_001258461.2
NP_001001795,NM_001001795.2
NP_001164007,NM_001170536.3
NP_741982,NM_171846.4
NP_001095836,NM_001102366.3
NP_006347,NM_006356.3
NP_115685,NM_032309.4
NP_002626,NM_002635.4
NP_115719,NM_032343.3
NP_002147,NM_002156.5
NP_001139443,NM_001145971.2
NP_061326,NM_018838.5
NP_004544,NM_004553.6
NP_001188306,NM_001201377.2
NP_758454,NM_172250.3
NP_061331,NM_018843.4
NP_001245335,NM_001258406.2
NP_064579,NM_020194.5
NP_001135937,NM_001142465.3
NP_116052,NM_032663.5
NP_001136075,NM_001142603.3
NP_064580,NM_020195.3
NP_000008,NM_000017.4
NP_001265233,NM_001278304.2
NP_061914,NM_019041.7
NP_001242940,NM_001256011.3
NP_001171500,NM_001178029.2
NP_951047,NM_199073.2
NP_665877,NM_145870.3
NP_001035526,NM_001040436.3
NP_001158889,NM_001165417.2
NP_004880,NM_004889.5
NP_004400,NM_004409.5
NP_663303,NM_145330.3
NP_001231501,NM_001244572.1
NP_001273748,NM_001286819.2
NP_115904,NM_032515.5
NP_001073335,NM_001079866.2
NP_612501,NM_138492.6
NP_689755,NM_152542.5
NP_996531,NM_206808.5
NP_001273637,NM_001286708.2
NP_060297,NM_017827.4
NP_001275886,NM_001288957.2
NP_056991,NM_015907.3
NP_001157285,NM_001163813.2
NP_001179,NM_001188.4
NP_003163,NM_003172.4
NP_001030590,NM_001035513.3
NP_653168,NM_144567.5
NP_001161419,NM_001167947.2
NP_964011,NM_201648.3
NP_001177912,NM_001190983.2
NP_071761,NM_022366.3
NP_071413,NM_022130.4
NP_001119593,NM_001126121.2
NP_001120800,NM_001127328.3
NP_001165461,NM_001171990.3
NP_057071,NM_015987.5
NP_001269072,NM_001282143.2
NP_054737,NM_014018.3
NP_001258625,NM_001271696.3
NP_001033057,NM_001037968.4
NP_060380,NM_017910.4
NP_001269221,NM_001282292.2
NP_078796,NM_024520.3
NP_001243332,NM_001256403.2
NP_003303,NM_003312.6
NP_443097,NM_052865.4
NP_004948,NM_004957.6
NP_037523,NM_013391.3
NP_065956,NM_020905.4
NP_057546,NM_016462.4
NP_998814,NM_213649.2
NP_710156,NM_153689.6
NP_001239605,NM_001252676.2
NP_057445,NM_016361.5
NP_001136116,NM_001142644.2
NP_001137146,NM_001143674.4
NP_001180528,NM_001193599.2
NP_998760,NM_213595.4
NP_570844,NM_130831.3
NP_001129522,NM_001136050.3
NP_061968,NM_019095.6
NP_000489,NM_000498.3
NP_001243327,NM_001256398.3
NP_001230713,NM_001243784.2
NP_001138607,NM_001145135.2
NP_001177258,NM_001190329.2
NP_612427,NM_138418.4
NP_001257661,NM_001270732.2
NP_733792,NM_170691.3
NP_932346,NM_198080.4
NP_001192179,NM_001205250.1
NP_996885,NM_207002.3
NP_037469,NM_013337.4
NP_001077433,NM_001083964.1
NP_001006114,NM_001006114.3
NP_777280,NM_174855.4
NP_001032900,NM_001037811.2
NP_001186778,NM_001199849.1
NP_982289,NM_203464.3
NP_001177990,NM_001191061.2
NP_803431,NM_177478.2
NP_112489,NM_031212.4
NP_001127957,NM_001134485.2
NP_006830,NM_006839.3
NP_001122389,NM_001128917.2
NP_665812,NM_145813.2
NP_001269918,NM_001282989.2
NP_001273367,NM_001286438.2
NP_054880,NM_014161.5
NP_001161073,NM_001167601.3
NP_619529,NM_138623.4
NP_116211,NM_032822.3
NP_003356,NM_003365.3
NP_001268666,NM_001281737.2
NP_003347,NM_003356.4
NP_001269348,NM_001282419.3
NP_001265097,NM_001278168.2
NP_219500,NM_033428.3
NP_002721,NM_002730.4
NP_001243411,NM_001256482.2
NP_005138,NM_005147.6
NP_570849,NM_130836.3
NP_001976,NM_001985.3
NP_001171697,NM_001184768.2
NP_000775,NM_000784.4
NP_115550,NM_032174.6
NP_203522,NM_033358.4
NP_004066,NM_004075.5
NP_036250,NM_012118.4
NP_060777,NM_018307.5
NP_055182,NM_014367.4
NP_005167,NM_005176.7
NP_036255,NM_012123.4
NP_004076,NM_004085.4
NP_001154976,NM_001161504.2
NP_001001790,NM_001001790.3
NP_001091992,NM_001098522.2
NP_065861,NM_020810.3
NP_127463,NM_032996.3
NP_001095132,NM_001101662.2
NP_660308,NM_145265.3
NP_004095,NM_004104.5
NP_001161442,NM_001167970.2
NP_056303,NM_015488.5
NP_919267,NM_194291.3
NP_001265521,NM_001278592.2
NP_004323,NM_004332.4
NP_001269948,NM_001283019.2
NP_001191089,NM_001204160.3
NP_003134,NM_003143.3
NP_689451,NM_152245.3
NP_000089,NM_000098.3
NP_001182060,NM_001195131.2
NP_004784,NM_004793.4
NP_892016,NM_182971.3
NP_550433,NM_080911.3
NP_001093243,NM_001099773.2
NP_001123989,NM_001130517.4
NP_001002755,NM_001002755.4
NP_116295,NM_032906.5
NP_054765,NM_014046.4
NP_064629,NM_020244.3
NP_078969,NM_024693.5
NP_114064,NM_031858.2
NP_733781,NM_170681.3
NP_001003703,NM_001003703.2
NP_002970,NM_002979.5
NP_001171512,NM_001178041.4
NP_075565,NM_023077.3
NP_001243896,NM_001256967.3
NP_776065,NM_173717.2
NP_003468,NM_003477.3
NP_055322,NM_014507.3
NP_039269,NM_013975.4
NP_055635,NM_014820.5
NP_001103408,NM_001109938.3
NP_001244063,NM_001257134.2
NP_036322,NM_012190.4
NP_060388,NM_017918.5
NP_001030588,NM_001035511.3
NP_001273648,NM_001286719.2
NP_001182447,NM_001195518.2
NP_060367,NM_017897.3
NP_001026849,NM_001031679.3
NP_612422,NM_138413.4
NP_001245317,NM_001258388.2
NP_872329,NM_182523.2
NP_001970,NM_001979.6
NP_001254793,NM_001267864.1
NP_001257608,NM_001270679.2
NP_001089,NM_001098.3
NP_001152862,NM_001159390.2
NP_942136,NM_198839.3
NP_001119594,NM_001126122.2
NP_036372,NM_012240.3
NP_942584,NM_198883.3
NP_057128,NM_016044.3
NP_954697,NM_199227.3
NP_001273445,NM_001286516.2
NP_001229602,NM_001242673.2
NP_149100,NM_033109.5
NP_005196,NM_005205.4
NP_001258863,NM_001271934.2
NP_001159831,NM_001166359.1
NP_620308,NM_138930.3
NP_000911,NM_000920.4
NP_002446,NM_002455.5
NP_001244943,NM_001258014.4
NP_001180241,NM_001193312.2
NP_001185463,NM_001198534.1
NP_001130010,NM_001136538.2
NP_001263997,NM_001277068.1
NP_057013,NM_015929.4
NP_057095,NM_016011.5
NP_004285,NM_004294.4
NP_001018083,NM_001018073.3
NP_001180292,NM_001193363.2
NP_004037,NM_004046.6
NP_001158245,NM_001164773.2
NP_001866,NM_001875.5
NP_001275883,NM_001288954.2
NP_008817,NM_006886.4
NP_000705,NM_000714.6
NP_001265478,NM_001278549.2
NP_001229811,NM_001242882.2
NP_001159434,NM_001165962.2
NP_001275889,NM_001288960.2
NP_001161803,NM_001168331.2
NP_000488,NM_000497.4
NP_079236,NM_024960.6
NP_055588,NM_014773.5
NP_009034,NM_007103.4
NP_001093095,NM_001099625.2
NP_060505,NM_018035.3
NP_036463,NM_012331.5
NP_001163,NM_001172.4
NP_001092756,NM_001099286.3
NP_478061,NM_058181.3
NP_000010,NM_000019.4
NP_660286,NM_145243.5
NP_078959,NM_024683.4
NP_001191036,NM_001204107.1
NP_057104,NM_016020.4
NP_203519,NM_033355.4
NP_001035517,NM_001040427.2
NP_004993,NM_005002.5
NP_001258757,NM_001271828.2
NP_001266285,NM_001279356.2
NP_001275887,NM_001288958.2
NP_001002020,NM_001002020.3
NP_660348,NM_145305.3
NP_001087240,NM_001093771.3
NP_004068,NM_004077.3
NP_536340,NM_080415.4
NP_001161074,NM_001167602.3
NP_001680,NM_001689.5
NP_004319,NM_004328.5
NP_001185464,NM_001198535.1
NP_001180272,NM_001193343.2
NP_006821,NM_006830.4
NP_036590,NM_012458.4
NP_851824,NM_181307.3
NP_001011667,NM_001011667.3
NP_001858,NM_001867.3
NP_001036096,NM_001042631.3
NP_002484,NM_002493.5
NP_056155,NM_015340.4
NP_001191041,NM_001204112.2
NP_000472,NM_000481.4
NP_001138606,NM_001145134.2
NP_001028739,NM_001033567.3
NP_060658,NM_018188.5
NP_001075032,NM_001081563.2
NP_001220,NM_001229.5
NP_001243329,NM_001256400.3
NP_001165438,NM_001171967.2
NP_001275924,NM_001288995.2
NP_078820,NM_024544.3
NP_060225,NM_017755.6
NP_001243610,NM_001256681.2
NP_001193420,NM_001206491.2
NP_001243264,NM_001256335.2
NP_001186589,NM_001199660.3
NP_002023,NM_002032.3
NP_001266289,NM_001279360.2
NP_004540,NM_004549.6
NP_001271334,NM_001284405.2
NP_116119,NM_032730.5
NP_001171514,NM_001178043.4
NP_055597,NM_014782.7
NP_001257293,NM_001270364.2
NP_444263,NM_053035.3
NP_060370,NM_017900.3
NP_009139,NM_007208.4
NP_001230805,NM_001243876.2
NP_004609,NM_004618.5
NP_001129507,NM_001136035.4
NP_001243893,NM_001256964.2
NP_001269843,NM_001282914.2
NP_001273178,NM_001286249.2
NP_001909,NM_001918.5
NP_001263996,NM_001277067.1
NP_055156,NM_014341.2
NP_001276679,NM_001289750.1
NP_055106,NM_014291.4
NP_002480,NM_002489.4
NP_076422,NM_023933.3
NP_073571,NM_022734.3
NP_006326,NM_006335.3
NP_001001563,NM_001001563.5
NP_115865,NM_032476.4
NP_001093138,NM_001099668.2
NP_001269073,NM_001282144.2
NP_542164,NM_080597.4
NP_001171726,NM_001184797.2
NP_776188,NM_173827.4
NP_612441,NM_138432.4
NP_001188505,NM_001201576.2
NP_079426,NM_025150.5
NP_001166115,NM_001172644.2
NP_001003785,NM_001003785.2
NP_789763,NM_176793.2
NP_001922,NM_001931.5
NP_002504,NM_002513.3
NP_001032248,NM_001037171.2
NP_443085,NM_052853.4
NP_001010845,NM_001010845.2
NP_001243459,NM_001256530.1
NP_055452,NM_014637.4
NP_001227,NM_001236.4
NP_001108207,NM_001114735.2
NP_001003713,NM_001003713.4
NP_116786,NM_032991.3
NP_001186658,NM_001199729.3
NP_001158283,NM_001164811.2
NP_005403,NM_005412.6
NP_060300,NM_017830.4
NP_001186827,NM_001199898.2
NP_001185642,NM_001198713.2
NP_002625,NM_002634.4
NP_550440,NM_080918.3
NP_851823,NM_181306.3
NP_001244942,NM_001258013.4
NP_078836,NM_024560.4
NP_001203,NM_001212.4
NP_004484,NM_004493.3
NP_115488,NM_032112.3
NP_057692,NM_016608.2
NP_001186682,NM_001199753.2
NP_115689,NM_032313.4
NP_001041638,NM_001048173.2
NP_005382,NM_005391.5
NP_056255,NM_015440.5
NP_059142,NM_017446.4
NP_057223,NM_016139.4
NP_001165074,NM_001171603.1
NP_000117,NM_000126.4
NP_001258691,NM_001271762.2
NP_001137377,NM_001143905.2
NP_001191818,NM_001204889.2
NP_060358,NM_017888.3
NP_001092807,NM_001099337.2
NP_660310,NM_145267.3
NP_001191087,NM_001204158.3
NP_006627,NM_006636.4
NP_001095839,NM_001102369.3
NP_001129666,NM_001136194.2
NP_741999,NM_172002.5
NP_037370,NM_013238.3
NP_758455,NM_172251.3
NP_001072992,NM_001079524.2
NP_001907,NM_001916.5
NP_001129665,NM_001136193.2
NP_066949,NM_021126.8
NP_006529,NM_006538.5
NP_001273368,NM_001286439.2
NP_001171821,NM_001184892.2
NP_001091990,NM_001098520.2
NP_665811,NM_145812.3
NP_001036694,NM_001043229.2
NP_112496,NM_031219.4
NP_001164641,NM_001171170.2
NP_001161071,NM_001167599.3
NP_006432,NM_006441.4
NP_705904,NM_153640.4
NP_001243607,NM_001256678.2
NP_001632,NM_001641.4
NP_001119603,NM_001126131.2
NP_851822,NM_181305.3
NP_004426,NM_004435.2
NP_001231664,NM_001244735.2
NP_060282,NM_017812.4
NP_001120712,NM_001127240.3
NP_006850,NM_006859.4
NP_009032,NM_007101.4
NP_940951,NM_198549.4
NP_001129524,NM_001136052.3
NP_056481,NM_015666.4
NP_660358,NM_145315.5
NP_116246,NM_032857.5
NP_001243326,NM_001256397.3
NP_006401,NM_006410.5
NP_067653,NM_021640.4
NP_001166927,NM_001173456.2
NP_789843,NM_176867.3
NP_001269350,NM_001282421.3
NP_001077415,NM_001083946.2
NP_001166168,NM_001172697.2
NP_057117,NM_016033.3
NP_612366,NM_138357.3
NP_001264983,NM_001278054.2
NP_003840,NM_003849.4
NP_872286,NM_182480.3
NP_061929,NM_019056.7
NP_076952,NM_024047.5
NP_001010875,NM_001010875.4
NP_002992,NM_003001.5
NP_001265660,NM_001278731.2
NP_001229769,NM_001242840.3
NP_001230679,NM_001243750.2
NP_958928,NM_201520.3
NP_001127956,NM_001134484.2
NP_620149,NM_138794.5
NP_001269917,NM_001282988.2
NP_001124318,NM_001130846.4
NP_001295350,NM_001308421.2
NP_065093,NM_020360.4
NP_000683,NM_000692.5
NP_001243751,NM_001256822.2
NP_789842,NM_176866.2
NP_955777,NM_199483.3
NP_612421,NM_138412.4
NP_005253,NM_005262.3
NP_005318,NM_005327.7
NP_001116698,NM_001123226.2
NP_001231499,NM_001244570.1
NP_002927,NM_002936.6
NP_071355,NM_022072.5
NP_001182751,NM_001195822.2
NP_001269332,NM_001282403.2
NP_004474,NM_004483.5
NP_003321,NM_003330.4
NP_078903,NM_024627.6
NP_001273703,NM_001286774.2
NP_065969,NM_020918.6
YP_003024029,NC_012920.1
NP_001171917,NM_001184988.1
NP_055689,NM_014874.4
NP_950245,NM_199044.4
NP_001186828,NM_001199899.2
NP_001924,NM_001933.5
NP_001034267,NM_001039178.4
NP_115785,NM_032409.3
NP_857634,NM_181651.3
NP_001167568,NM_001174097.3
NP_005754,NM_005763.4
NP_919417,NM_194436.3
NP_001186976,NM_001200047.3
NP_112570,NM_031280.4
NP_001030589,NM_001035512.3
NP_001243897,NM_001256968.3
NP_056360,NM_015545.4
NP_077728,NM_024417.5
NP_066974,NM_021151.4
NP_001269125,NM_001282196.2
NP_056517,NM_015702.3
NP_002487,NM_002496.4
NP_054769,NM_014050.4
NP_653337,NM_144736.5
NP_998776,NM_213611.3
NP_001025162,NM_001029991.2
NP_001161067,NM_001167595.2
NP_001129166,NM_001135694.3
NP_001229238,NM_001242309.1
NP_000174,NM_000183.3
NP_001180304,NM_001193375.3
NP_653305,NM_144704.3
NP_683685,NM_148887.3
NP_001028738,NM_001033566.3
NP_789775,NM_176805.4
NP_001172022,NM_001185093.2
NP_851821,NM_181304.3
NP_060762,NM_018292.5
NP_937837,NM_198194.3
NP_001273364,NM_001286435.2
NP_065199,NM_020466.5
NP_078916,NM_024640.4
NP_058437,NM_016828.3
NP_001275687,NM_001288758.2
NP_001245322,NM_001258393.3
NP_055132,NM_014317.5
NP_001027559,NM_001032387.2
NP_006205,NM_006214.4
NP_940938,NM_198536.3
NP_004554,NM_004563.4
NP_054887,NM_014168.4
NP_055899,NM_015084.3
NP_112233,NM_030971.6
NP_003841,NM_003850.3
NP_689849,NM_152636.3
NP_079152,NM_024876.4
NP_001189398,NM_001202469.2
NP_005519,NM_005528.4
NP_817125,NM_177988.1
NP_005006,NM_005015.5
NP_000687,NM_000696.4
NP_001269220,NM_001282291.2
NP_004125,NM_004134.7
NP_004040,NM_004049.4
NP_997000,NM_207117.4
NP_001275732,NM_001288803.1
NP_001120714,NM_001127242.3
NP_001263992,NM_001277063.2
NP_054896,NM_014177.3
NP_001128231,NM_001134759.2
NP_061870,NM_018997.4
NP_001273049,NM_001286120.3
NP_001163894,NM_001170423.2
NP_054817,NM_014098.3
NP_001095837,NM_001102367.2
NP_001248763,NM_001261834.2
NP_653180,NM_144579.3
NP_003479,NM_003488.4
NP_001128633,NM_001135161.2
NP_110440,NM_030813.6
NP_002603,NM_002612.4
NP_620124,NM_138769.3
NP_690876,NM_152912.5
NP_075066,NM_022915.5
NP_001002027,NM_001002027.2
NP_001269711,NM_001282782.2
NP_751917,NM_172177.5
NP_001129970,NM_001136498.2
NP_001257817,NM_001270888.2
NP_004368,NM_004377.4
NP_000427,NM_000436.4
NP_001036182,NM_001042717.3
NP_001138936,NM_001145464.2
NP_002993,NM_003002.4
NP_000024,NM_000033.4
NP_899634,NM_183397.3
NP_057161,NM_016077.5
NP_000773,NM_000782.5
NP_001099015,NM_001105545.2
NP_001035997,NM_001042532.4
NP_001243407,NM_001256478.1
NP_002849,NM_002858.4
NP_056375,NM_015560.3
NP_071504,NM_022172.3
NP_001273399,NM_001286470.2
NP_001078841,NM_001085372.3
NP_705690,NM_153486.4
NP_001257659,NM_001270730.2
NP_001193355,NM_001206426.2
NP_001157207,NM_001163735.2
NP_976059,NM_203314.3
NP_001139523,NM_001146051.2
NP_001268667,NM_001281738.1
NP_001230708,NM_001243779.2
NP_835471,NM_178177.5
NP_001003714,NM_001003714.4
NP_665735,NM_145792.3
NP_004605,NM_004614.5
NP_000273,NM_000282.4
NP_001156334,NM_001162862.2
NP_955781,NM_199487.3
NP_387506,NM_033657.2
NP_001957,NM_001966.4
NP_005995,NM_006004.4
NP_659540,NM_145074.2
NP_001269333,NM_001282404.2
NP_064586,NM_020201.4
NP_005580,NM_005589.4
NP_116290,NM_032901.4
NP_001138904,NM_001145432.3
NP_057501,NM_016417.3
NP_073751,NM_022840.5
NP_619530,NM_138624.4
NP_004365,NM_004374.4
NP_001352,NM_001361.5
NP_057376,NM_016292.3
NP_001027558,NM_001032386.2
NP_001186681,NM_001199752.3
NP_689482,NM_152269.5
NP_001191038,NM_001204109.2
NP_996667,NM_206836.3
NP_076931,NM_024026.5
NP_001244031,NM_001257102.2
NP_001258980,NM_001272051.2
NP_660199,NM_145198.3
NP_997227,NM_207344.4
NP_001012773,NM_001012755.5
NP_001182448,NM_001195519.2
NP_665734,NM_145791.3
NP_570845,NM_130832.3
NP_065142,NM_020409.3
NP_776155,NM_173794.4
NP_001239606,NM_001252677.2
NP_001254527,NM_001267598.2
NP_001093639,NM_001100169.2
NP_001269563,NM_001282634.3
NP_078974,NM_024698.6
NP_067022,NM_021199.4
NP_001269209,NM_001282280.2
NP_116012,NM_032623.4
NP_060476,NM_018006.5
NP_001598,NM_001607.4
NP_060751,NM_018281.4
NP_001191037,NM_001204108.1
NP_061176,NM_018706.7
NP_036324,NM_012192.4
NP_998885,NM_213720.3
NP_005923,NM_005932.4
NP_057151,NM_016067.4
NP_612461,NM_138452.3
NP_001154484,NM_001161012.3
NP_001012533,NM_001012515.4
NP_003192,NM_003201.3
NP_001034936,NM_001039847.3
NP_114108,NM_031902.5
YP_003024026,NC_012920.1
NP_056494,NM_015679.3
NP_003696,NM_003705.5
NP_004885,NM_004894.3
NP_001073331,NM_001079862.4
NP_064708,NM_020312.4
NP_000340,NM_000349.3
NP_666499,NM_146387.2
NP_001273402,NM_001286473.2
NP_001678,NM_001687.5
NP_116145,NM_032756.4
NP_001162581,NM_001169110.1
NP_064576,NM_020191.4
NP_060605,NM_018135.4
NP_653237,NM_144636.3
NP_000916,NM_000925.4
NP_001193570,NM_001206641.3
NP_001158503,NM_001165031.2
NP_112581,NM_031291.4
NP_001138740,NM_001145268.2
NP_009151,NM_007220.4
NP_004444,NM_004453.4
NP_863656,NM_181866.3
NP_001335641,NM_001348712.2
NP_062457,NM_019557.6
NP_001121897,NM_001128425.2
NP_001243894,NM_001256965.3
NP_005827,NM_005836.3
NP_003365,NM_003374.3
NP_570137,NM_130781.4
NP_886552,NM_182916.3
NP_957715,NM_201263.2
NP_851999,NM_181354.4
NP_066923,NM_021100.5
NP_079478,NM_025202.4
YP_003024028,NC_012920.1
NP_001265232,NM_001278303.1
NP_076426,NM_023937.4
NP_000047,NM_000056.5
NP_005685,NM_005694.2
NP_055209,NM_014394.3
NP_001165462,NM_001171991.3
NP_001116146,NM_001122674.2
NP_001186463,NM_001199534.2
NP_620132,NM_138777.5
NP_001245318,NM_001258389.2
NP_001189431,NM_001202502.2
NP_619532,NM_138626.4
NP_001073309,NM_001079840.3
NP_001171919,NM_001184990.1
NP_001159734,NM_001166262.2
NP_510870,NM_078470.6
NP_932068,NM_197964.5
NP_001257657,NM_001270728.2
NP_055177,NM_014362.4
NP_001093139,NM_001099669.2
NP_536341,NM_080416.4
NP_945176,NM_198938.3
NP_001030582,NM_001035505.2
NP_852130,NM_181465.3
NP_001013003,NM_001012985.2
NP_542779,NM_080741.4
NP_001159574,NM_001166102.2
NP_000275,NM_000284.4
NP_001269844,NM_001282915.2
NP_570847,NM_130834.3
NP_115690,NM_032314.4
NP_005784,NM_005793.5
NP_001186829,NM_001199900.2
NP_085056,NM_030579.3
NP_000648,NM_000657.3
NP_001852,NM_001861.6
NP_001001660,NM_001001660.3
NP_115682,NM_032306.4
NP_001070709,NM_001077241.3
NP_001245323,NM_001258394.3
NP_660298,NM_145255.4
NP_598400,NM_133645.3
NP_001190984,NM_001204055.2
NP_060809,NM_018339.6
NP_001091993,NM_001098523.2
NP_852616,NM_181515.2
NP_852106,NM_181441.3
NP_001093097,NM_001099627.2
NP_057026,NM_015942.5
NP_006671,NM_006680.3
NP_004580,NM_004589.4
NP_789788,NM_176818.3
NP_112162,NM_030900.4
NP_001164006,NM_001170535.3
NP_835498,NM_178191.3
NP_004042,NM_004051.5
NP_671702,NM_147173.3
NP_000654,NM_000663.5
NP_079034,NM_024758.5
NP_001243609,NM_001256680.2
NP_001011700,NM_001011700.3
NP_859074,NM_181723.3
NP_620119,NM_138764.5
NP_001121773,NM_001128301.3
NP_001171906,NM_001184977.2
NP_060368,NM_017898.5
NP_079228,NM_024952.8
NP_001029345,NM_001034173.4
NP_079004,NM_024728.3
NP_065114,NM_020381.4
NP_001267725,NM_001280796.2
NP_114106,NM_031900.4
NP_001258824,NM_001271895.2
NP_085134,NM_030631.4
NP_001139760,NM_001146288.2
NP_001008662,NM_001008662.3
NP_000161,NM_000170.3
NP_068597,NM_021825.5
NP_848652,NM_178557.4
NP_006108,NM_006117.3
NP_001154481,NM_001161009.3
NP_001229832,NM_001242903.1
NP_001267726,NM_001280797.2
NP_009205,NM_007274.4
NP_001243412,NM_001256483.2
NP_079491,NM_025215.6
NP_001122387,NM_001128915.2
NP_079140,NM_024864.5
NP_852128,NM_181463.3
NP_060864,NM_018394.4
NP_001073308,NM_001079839.3
NP_991330,NM_205767.3
NP_976316,NM_203382.3
NP_065141,NM_020408.6
NP_001129143,NM_001135671.3
NP_001116236,NM_001122764.3
NP_057492,NM_016408.4
NP_056515,NM_015700.4
NP_008838,NM_006907.4
NP_598399,NM_133644.4
NP_001193356,NM_001206427.2
YP_003024027,NC_012920.1
NP_060680,NM_018210.4
NP_006431,NM_006440.5
NP_001276680,NM_001289751.1
NP_848621,NM_178526.5
NP_071736,NM_022341.2
NP_001658,NM_001667.4
NP_001026904,NM_001031734.4
NP_072094,NM_022572.4
NP_597700,NM_133443.4
NP_001473,NM_001482.3
NP_004499,NM_004508.4
NP_001073593,NM_001080124.2
NP_001269208,NM_001282279.2
NP_001002258,NM_001002258.5
NP_001173,NM_001182.5
NP_061880,NM_019007.4
NP_001166114,NM_001172643.1
NP_001245302,NM_001258373.2
NP_002681,NM_002690.3
NP_001231178,NM_001244249.2
NP_665878,NM_145871.3
NP_001006643,NM_001006642.4
NP_001041637,NM_001048172.2
NP_001137151,NM_001143679.2
NP_001138303,NM_001144831.2
NP_550438,NM_080916.3
NP_001123291,NM_001129819.2
NP_001182451,NM_001195522.3
NP_085126,NM_030623.4
NP_001128496,NM_001135024.2
NP_001162582,NM_001169111.2
NP_001257313,NM_001270384.2
YP_003024031,NC_012920.1
NP_001244273,NM_001257344.2
NP_002083,NM_002092.4
NP_001265575,NM_001278646.2
NP_001180290,NM_001193361.2
NP_001245301,NM_001258372.2
NP_001092271,NM_001098801.2
NP_054643,NM_013988.3
NP_001122327,NM_001128855.3
NP_001019637,NM_001024466.3
NP_004101,NM_004110.6
NP_001137407,NM_001143935.2
NP_001275899,NM_001288970.2
NP_055324,NM_014509.5
NP_001243476,NM_001256547.2
NP_640335,NM_139242.4
NP_001230710,NM_001243781.2
NP_001269210,NM_001282281.2
NP_001243239,NM_001256310.2
NP_001014446,NM_001014446.3
NP_001269562,NM_001282633.3
NP_001009814,NM_001009814.2
NP_060116,NM_017646.6
NP_057164,NM_016080.4
NP_001138888,NM_001145416.2
NP_542984,NM_080794.4
NP_001231496,NM_001244567.1
NP_036345,NM_012213.3
NP_001135858,NM_001142386.3
NP_148936,NM_033015.4
NP_001073310,NM_001079841.3
NP_001180529,NM_001193600.2
NP_001265393,NM_001278464.2
NP_057673,NM_016589.4
NP_006812,NM_006821.6
NP_001106677,NM_001113206.2
NP_212133,NM_033408.4
NP_057706,NM_016622.4
NP_054797,NM_014078.6
NP_001128634,NM_001135162.2
NP_001242938,NM_001256009.3
NP_001275897,NM_001288968.2
NP_284941,NM_033540.3
NP_079474,NM_025198.5
NP_001136027,NM_001142555.3
NP_001017423,NM_001017423.2
NP_005890,NM_005899.5
NP_003110,NM_003119.4
NP_973729,NM_202000.3
NP_001239604,NM_001252675.2
NP_057582,NM_016498.5
NP_733935,NM_170739.4
NP_001273365,NM_001286436.2
NP_001029031,NM_001033859.3
NP_000107,NM_000116.5
NP_057419,NM_016335.6
NP_005262,NM_005271.5
NP_001026788,NM_001031617.3
NP_001135940,NM_001142468.3
NP_001263408,NM_001276479.2
NP_203526,NM_033362.4
NP_115545,NM_032169.5
NP_006318,NM_006327.4
NP_653214,NM_144613.5
NP_005098,NM_005107.4
NP_036373,NM_012241.5
NP_001098539,NM_001105069.2
NP_115789,NM_032413.4
NP_001268426,NM_001281497.2
NP_001275684,NM_001288755.2
NP_073583,NM_022746.4
NP_036588,NM_012456.3
