ACADM,77.14285714285715
ACADS,81.48148148148148
ACADVL,80.28169014084507
ACAT1,95.83333333333334
AGXT,60.256410256410255
ALAS2,86.81318681318682
ABCD1,67.54966887417218
BCKDHB,94.33962264150944
CPOX,70.66666666666667
CPT2,79.95444191343964
DLD,93.75
TAZ,78.72340425531915
ETFA,62.745098039215684
FECH,90.9090909090909
FH,52.94117647058824
FXN,87.5
GCDH,76.05633802816901
GLDC,77.33333333333333
HADHA,29.106628242074926
HADHB,85.48387096774194
HMGCL,83.33333333333334
MAOA,79.3103448275862
MMUT,88.05970149253731
OAT,86.8421052631579
PCCA,94.0
PDHA1,92.5925925925926
PPOX,61.66666666666667
QDPR,91.8918918918919
STAR,74.19354838709677
ALDH3A2,45.56962025316456
SLC25A20,33.90557939914164
CYB5R3,43.925233644859816
GPD2,83.60655737704919
HSD17B4,49.079754601226995
OXCT1,83.33333333333334
SOD1,37.41935483870968
SUOX,60.9271523178808
AMT,75.80645161290323
CYP11B1,47.61904761904761
CYP11B2,46.51162790697674
OTC,76.78571428571429
PCCB,83.72093023255815
GPX1,73.45132743362832
BCL2,53.36538461538461
SOD2,56.09756097560976
GSR,61.206896551724135
BCL2,53.588516746411486
ABAT,91.37931034482759
ALAS1,93.75
ALDH2,79.16666666666666
ALDH1B1,36.60130718954248
ALDH9A1,41.17647058823529
BCKDHA,78.78787878787878
TSPO,74.46808510638297
COMT,49.36708860759494
CRAT,29.978118161925604
CYP11A1,60.273972602739725
CYP24A1,85.9375
CYP27A1,61.72839506172839
CYP27B1,52.112676056338024
GUK1,76.08695652173914
MAOB,76.78571428571429
PC,84.88372093023256
PDHB,69.34306569343066
NDUFV3,44.44444444444444
TIMM50,79.62962962962963
ETFRF1,58.26086956521739
TOMM5,68.18181818181817
C8orf82,63.1578947368421
ATP5F1A,73.07692307692307
ATP5F1A,73.07692307692307
ATP5F1C,70.0
ATP5F1D,74.50980392156863
PUS1,79.0909090909091
PUS1,79.0909090909091
ATP5MC1,58.42696629213483
ECHDC1,57.03703703703704
ATP5MC2,58.82352941176471
ATP5MC3,57.54716981132076
NFU1,96.72131147540983
NFU1,96.72131147540983
PTRH1,48.0
UQCR10,54.0
ATP5PF,75.43859649122807
ATP5PF,75.43859649122807
ATP5PF,74.57627118644068
ATP5PF,75.43859649122807
MTFP1,68.88888888888889
ATP5MF,38.095238095238095
ATP5MF,56.41025641025641
ATP5PD,54.71698113207547
DMAC2L,69.01408450704226
DMAC2L,61.904761904761905
OGDH,90.54054054054053
AK4,91.37931034482759
MTIF2,88.52459016393442
HAO2,59.61538461538461
YBEY,74.28571428571429
SLC25A25,93.47826086956522
SLC25A25,93.33333333333333
SCP2,48.62385321100918
SCP2,34.32835820895522
SCP2,32.33082706766917
SCP2,65.21739130434783
COA5,62.5
KYAT3,58.77192982456141
KYAT3,58.77192982456141
ACSL6,82.05128205128204
ARMCX6,40.625
VWA8,92.85714285714286
ACSM2A,62.745098039215684
IBA57,56.25
SLC25A30,86.0
MTX3,84.61538461538461
CHCHD7,36.36363636363637
CHCHD7,52.5
CHCHD7,57.14285714285714
CHCHD7,57.14285714285714
CHCHD7,52.5
MCCD1,50.0
FECH,90.9090909090909
SLC25A53,55.223880597014926
COA6,62.06896551724138
MPST,69.34673366834171
OCIAD2,35.714285714285715
ETFB,85.71428571428571
ME3,90.74074074074075
MRPL22,57.74647887323944
CKMT1A,85.52631578947368
ALDH18A1,68.54838709677419
SIRT3,70.58823529411765
CCDC58,70.37037037037037
OPA3,61.29032258064516
CMC4,64.70588235294117
AIFM3,61.111111111111114
PCK2,83.78378378378379
FPGS,52.02702702702703
FAHD1,74.64114832535886
SOD2,56.09756097560976
SOD2,88.70967741935483
MECR,77.55102040816327
DUT,56.25
DUT,56.25
CYP11B1,47.05882352941176
TCAIM,62.0
TCAIM,62.0
METTL17,36.486486486486484
COX19,66.0
RAB24,86.66666666666667
MSRB3,67.27272727272727
NT5DC3,87.32394366197182
MCUR1,68.90243902439023
FDX2,94.23076923076923
ALDH3A2,45.56962025316456
CPT1A,30.529595015576323
MICOS10,73.91304347826086
SUOX,60.9271523178808
SUOX,60.9271523178808
MTERF2,58.448753462603875
NGRN,42.2680412371134
RHOT1,88.23529411764706
RHOT1,73.86363636363636
RHOT1,88.23529411764706
MYO19,61.904761904761905
ACOT9,55.952380952380956
ACADVL,80.28169014084507
SLC25A52,70.54794520547945
ALDH1L2,88.0
BOLA3,60.526315789473685
SDHC,68.42105263157895
SDHC,71.42857142857143
SDHC,71.42857142857143
ACOT9,55.952380952380956
BCO2,57.73195876288659
PHYH,84.61538461538461
PARL,54.71698113207547
HSD17B10,69.49152542372882
ALAS2,86.81318681318682
ALAS2,86.81318681318682
ATP5MF,56.41025641025641
SLC25A29,76.55502392344498
NDUFAF5,79.26829268292683
PICK1,55.769230769230774
PICK1,55.769230769230774
OXLD1,43.96551724137931
GPX4,73.33333333333333
GPX4,69.84126984126983
DNAJC28,58.684210526315795
HAGH,47.45762711864407
YARS2,49.152542372881356
PC,84.88372093023256
GDAP1,58.78787878787879
PREPL,61.8421052631579
PREPL,61.8421052631579
SMIM8,78.84615384615384
COASY,56.57894736842105
COASY,56.95652173913044
ATPAF1,73.33333333333333
SDHAF1,39.795918367346935
GTPBP10,42.51968503937008
CSKMT,42.608695652173914
MUTYH,80.76923076923077
MUTYH,80.76923076923077
MUTYH,80.76923076923077
MUTYH,80.76923076923077
MOCS1,57.95454545454546
LYRM9,57.49999999999999
SLC25A45,37.4468085106383
PNKD,35.59322033898305
ALDH5A1,87.14285714285714
PAICS,64.75409836065575
PAICS,64.75409836065575
OCIAD1,49.09090909090909
OCIAD1,49.09090909090909
OCIAD1,56.52173913043478
OCIAD1,49.09090909090909
DBI,77.02702702702703
DBI,77.27272727272727
BCS1L,82.2429906542056
CASP8,43.01675977653631
CASP8,43.01675977653631
DNA2,38.613861386138616
ACSM4,72.22222222222221
DNLZ,75.0
DMPK,48.0
DMPK,48.0
DMPK,50.505050505050505
GPD2,83.60655737704919
EARS2,72.61146496815286
NDUFAF7,80.32786885245902
TDRKH,74.13793103448276
TDRKH,74.13793103448276
TDRKH,74.13793103448276
NADK2,61.111111111111114
NDUFAF8,55.88235294117647
ACACB,67.3076923076923
ACLY,98.48484848484848
TXNRD1,61.39240506329114
ACO2,77.47747747747748
GRSF1,77.58620689655173
CHCHD4,95.38461538461539
HTATIP2,51.85185185185185
HTATIP2,51.85185185185185
HTATIP2,51.85185185185185
HTATIP2,60.0
FAM210A,64.76190476190476
MTFR2,56.86274509803921
COQ10A,75.75757575757575
MTFR1L,64.42307692307693
MTFR1L,64.42307692307693
MTFR1L,66.21621621621621
HIGD1A,73.68421052631578
HIGD1A,73.68421052631578
CKMT2,82.27848101265823
CKMT2,82.27848101265823
CYP11A1,62.31884057971014
IMMT,71.92118226600985
IMMT,71.92118226600985
NRDC,92.3076923076923
DGLUCY,63.63636363636363
DGLUCY,63.63636363636363
DGLUCY,63.63636363636363
DGLUCY,63.63636363636363
SLC25A36,84.5360824742268
ACSM2B,60.78431372549019
TMEM177,39.93399339933993
TMEM177,39.93399339933993
ECHDC1,57.03703703703704
ECHDC1,68.75
NUDT19,41.28787878787879
C6orf136,68.65671641791045
TSTD1,50.90909090909091
TSTD1,52.83018867924528
TSTD1,50.90909090909091
METTL15,62.33766233766234
MTRF1L,85.71428571428571
BCL2A1,42.10526315789473
HCCS,86.56716417910447
CPS1,89.85507246376811
CPS1,89.85507246376811
ABCD3,37.234042553191486
PPOX,61.66666666666667
BCKDK,97.72727272727273
MTO1,81.42857142857143
PARK7,86.79245283018868
SLC25A19,67.79661016949152
SLC25A19,67.79661016949152
POLG,55.55555555555556
ACSF3,56.41025641025641
ACCS,76.92307692307693
AURKAIP1,38.311688311688314
AURKAIP1,38.311688311688314
BBC3,30.76923076923077
BBC3,53.333333333333336
ACADM,77.14285714285715
ATP5MPL,32.55813953488372
ABAT,91.37931034482759
CRLS1,87.5
MFN2,88.1578947368421
PCCA,94.0
ETFA,62.745098039215684
LYRM1,63.63636363636363
LYRM1,63.63636363636363
MPV17L,54.629629629629626
MUTYH,80.76923076923077
SPIRE1,58.333333333333336
SPIRE1,58.333333333333336
DCAKD,62.31884057971014
GTPBP3,66.0377358490566
CYP24A1,85.9375
TOMM40,87.5
TOMM40,87.5
CYB5R3,43.925233644859816
CRYZ,76.47058823529412
CRYZ,76.47058823529412
IFI27,94.44444444444444
KARS1,65.73426573426573
ACAA1,82.0
MPST,69.34673366834171
AIFM1,89.65517241379311
AIFM1,48.760330578512395
NT5DC2,85.22727272727273
TOMM5,72.72727272727273
TOMM5,72.72727272727273
TOMM6,86.20689655172413
HOGA1,59.183673469387756
SARDH,83.5820895522388
CRYZ,62.5
PDHX,69.76744186046511
DNAJA3,79.59183673469387
COMT,49.36708860759494
COMT,49.36708860759494
MSRA,60.75949367088608
MSRA,60.75949367088608
VDAC3,82.89473684210526
FDPS,62.121212121212125
FDPS,63.63636363636363
ETFBKMT,57.89473684210527
ETFBKMT,57.89473684210527
NDUFB11,58.82352941176471
TRMT1,45.36082474226804
NIF3L1,83.96946564885496
DHRS1,56.0126582278481
CPT1C,27.878787878787882
FASTKD2,43.0
FASTKD2,43.0
ISOC2,62.16216216216216
ISOC2,46.93877551020408
CISD3,55.73770491803278
ACAD10,50.649350649350644
ECHDC1,57.03703703703704
NIF3L1,88.23529411764706
NIF3L1,87.09677419354838
PDK3,83.33333333333334
FAHD1,74.64114832535886
PRELID3A,60.60606060606061
ECSIT,47.482014388489205
ECSIT,77.58620689655173
GPT2,85.36585365853658
MTRES1,36.25
MTRES1,36.25
ADCK1,74.24242424242425
RPUSD3,60.37735849056604
TRMT1,88.0
COQ8B,58.490566037735846
DELE1,42.68292682926829
SPHKAP,43.7597503900156
MPC2,89.65517241379311
GSTK1,70.27027027027027
GSTK1,60.97560975609756
GSTK1,51.06382978723404
SLC25A39,64.40677966101694
PDE2A,93.22033898305084
C12orf65,51.80722891566265
CROT,29.085872576177284
C15orf61,78.26086956521739
PTPMT1,53.333333333333336
OGDHL,93.44262295081968
OGDHL,93.44262295081968
RPUSD4,77.02702702702703
PHB2,95.3125
LIPT2,62.13592233009708
MIEF2,69.56521739130434
GLYCTK,43.63636363636363
MTHFD2L,67.9245283018868
CPT1B,27.00892857142857
CPT1B,27.00892857142857
CPT1B,29.596412556053814
CPT1B,27.00892857142857
FAM185A,53.333333333333336
FAM185A,68.75
ABHD11,63.793103448275865
OXSM,69.7560975609756
TMEM205,49.45054945054945
SMIM20,64.86486486486487
EXOG,63.63636363636363
MTFR1,73.21428571428571
MTFR1,73.21428571428571
SARS2,91.17647058823529
TIMM8A,78.72340425531915
RDH13,47.368421052631575
HSDL1,41.55844155844156
PDE2A,93.22033898305084
AIFM3,60.810810810810814
SLC25A4,70.88122605363985
SLC25A5,73.18007662835248
NUDT2,69.6078431372549
GUK1,76.08695652173914
GUK1,76.08695652173914
IVD,83.87096774193549
ACOT13,74.24242424242425
SLC25A13,94.23076923076923
ARMC10,52.459016393442624
ARMC10,48.0
ARMC10,52.38095238095239
ARMC10,48.97959183673469
ARMC10,48.97959183673469
C6orf136,68.65671641791045
ALDH4A1,78.66666666666666
ME3,90.74074074074075
FXN,87.87878787878788
PDP1,88.58695652173914
PDP1,88.58695652173914
PDP1,89.19925512104282
COX11,82.6923076923077
COX11,82.6923076923077
MYO19,34.42622950819672
TWNK,61.31578947368421
TWNK,55.319148936170215
TWNK,81.63265306122449
C5orf63,75.60975609756098
C5orf63,72.22222222222221
AMT,75.80645161290323
AMT,72.72727272727273
AMT,75.80645161290323
BCAT2,68.08510638297872
BCKDHA,78.78787878787878
SLC25A26,77.14285714285715
PET117,64.58333333333334
LYRM4,66.66666666666666
LYRM4,69.04761904761905
DTYMK,86.04651162790698
OGDH,90.54054054054053
TMEM14C,76.74418604651163
SLC25A11,91.30434782608695
SLC25A11,90.47619047619048
IDE,93.61702127659575
ELAC2,40.23668639053255
ECI2,70.0
HMGCL,84.61538461538461
NDUFV1,91.66666666666666
HMGCS2,77.77777777777779
PDHX,69.76744186046511
NDUFS2,78.57142857142857
FHIT,77.08333333333334
MTIF3,37.10691823899371
MTIF3,37.10691823899371
MTIF3,37.10691823899371
SHMT2,86.76470588235294
SHMT2,86.76470588235294
SHMT2,86.76470588235294
SHMT2,86.76470588235294
EHHADH,59.76190476190476
AMACR,60.86956521739131
NEU4,50.88495575221239
NEU4,50.88495575221239
NEU4,50.88495575221239
NEU4,50.88495575221239
VARS2,67.9245283018868
VARS2,47.82608695652174
MTX3,84.90566037735849
ADCY10,63.934426229508205
DMAC2,58.82352941176471
DMAC2,52.94117647058824
DMAC2,52.94117647058824
DMAC2,52.94117647058824
DMAC2,58.82352941176471
TIMM17B,93.18181818181817
TRMT2B,42.0
TRMT2B,42.857142857142854
TRMT2B,42.0
OCIAD1,49.09090909090909
NDUFB4,52.475247524752476
ME2,51.37614678899083
SCO2,62.365591397849464
SCO2,62.365591397849464
SCO2,62.365591397849464
ARG2,85.45454545454545
PRSS35,61.016949152542374
ATAD3A,83.87096774193549
ATAD3A,69.41176470588235
PGAM5,62.19512195121951
PGAM5,62.19512195121951
PET100,75.0
SLC25A21,91.80327868852459
PREPL,61.8421052631579
PREPL,61.8421052631579
PREPL,61.8421052631579
PREPL,61.8421052631579
CYB5R3,43.925233644859816
CYB5R3,43.925233644859816
GCAT,50.0
OAT,90.56603773584906
RBFA,52.459016393442624
SETD9,57.14285714285714
HCCS,86.56716417910447
TK2,34.91379310344828
TK2,33.00970873786408
TK2,30.76923076923077
TSFM,74.46808510638297
TSFM,62.5
TSFM,74.46808510638297
PDHA1,92.5925925925926
PDHA1,92.5925925925926
PDHA1,92.5925925925926
PDHB,58.3941605839416
MRRF,61.81818181818181
LDHB,84.50704225352112
SUCLG2,54.09836065573771
PCCA,94.0
PCCB,54.87804878048781
DBI,77.02702702702703
ECI1,58.333333333333336
DBI,77.02702702702703
DBI,77.02702702702703
DBI,77.27272727272727
HADH,29.48717948717949
ARMCX6,40.625
VDAC2,90.76923076923077
PEX11B,35.88516746411483
TMLHE,83.87096774193549
VDAC2,90.76923076923077
FLAD1,58.43137254901961
FLAD1,57.83582089552238
UQCC1,77.77777777777779
NDUFS5,59.45945945945946
NDUFC1,50.0
NDUFC1,50.0
NDUFC1,50.0
NDUFC1,50.0
NDUFC1,50.0
NDUFC1,50.0
NDUFA2,81.08108108108108
NIT1,57.647058823529406
NIT1,71.76470588235294
NIT1,71.76470588235294
ALDH7A1,67.6056338028169
DNAJC19,82.75862068965517
ATP5MC3,53.125
MRPS35,79.24528301886792
COQ7,78.26086956521739
SLC25A22,75.0
SLC25A22,75.0
BAK1,71.42857142857143
SIRT5,75.29411764705883
SUGCT,82.14285714285714
SUGCT,88.09523809523809
SUGCT,82.14285714285714
MRPS18A,73.91304347826086
EXD2,75.0
EXD2,75.0
EXD2,75.0
EXD2,75.0
NDUFA11,68.18181818181817
NSUN2,90.625
MSRB3,67.27272727272727
MSRB3,67.27272727272727
TMEM126B,31.818181818181817
TMEM126B,31.818181818181817
SCP2,92.45283018867924
SCP2,92.45283018867924
SCP2,92.45283018867924
BCAT2,65.21739130434783
C12orf65,51.80722891566265
BCL2L1,61.417322834645674
GSR,61.206896551724135
GSR,56.71641791044776
GSR,55.55555555555556
TSTD3,52.63157894736842
DCXR,57.89473684210527
PRODH,70.79646017699115
GTPBP3,65.45454545454545
MICU1,87.87878787878788
MICU1,87.87878787878788
MPC1L,69.23076923076923
HSDL2,71.64179104477611
MCL1,72.09302325581395
OXR1,52.307692307692314
OXR1,52.307692307692314
OXR1,94.23076923076923
OXR1,94.23076923076923
AIFM2,66.19718309859155
SEPTIN4,40.42553191489361
ATP5MF-PTCD1,41.312741312741316
ECHDC2,33.72549019607843
ECHDC2,71.875
NFS1,87.17948717948718
AK2,75.71428571428571
HSD17B4,50.0
HSD17B4,49.079754601226995
RAB5IF,81.63265306122449
LETM2,80.59701492537313
LETM2,80.59701492537313
MSRA,60.75949367088608
ARL2,37.57575757575757
CPT1C,26.682692307692307
CPT1C,26.682692307692307
MTHFS,76.0
BCL2L2,59.22330097087378
DAP3,63.63636363636363
DAP3,63.63636363636363
DAP3,63.63636363636363
AK3,66.66666666666666
AK3,78.94736842105263
AK3,78.94736842105263
AK3,78.94736842105263
PDK2,47.337278106508876
PDK2,47.337278106508876
PDK2,87.32394366197182
NDUFB5,44.71544715447154
NDUFB5,65.15151515151516
UQCRB,74.07407407407408
NDUFS1,93.47826086956522
NDUFS1,96.82539682539682
NDUFS1,96.82539682539682
NDUFS1,93.47826086956522
NDUFB6,47.45762711864407
NMNAT3,68.14159292035397
BID,42.42424242424242
BIK,30.909090909090907
ALDH7A1,67.6056338028169
NUBPL,85.36585365853658
NUBPL,85.36585365853658
PLSCR3,52.21238938053098
ALDH7A1,67.6056338028169
NIPSNAP2,80.85106382978722
NIPSNAP1,89.58333333333334
SLC25A27,33.10344827586207
SLC25A27,33.10344827586207
NDUFC2,44.61538461538462
NDUFC2,43.18181818181818
MICOS10,86.48648648648648
MICOS10,86.11111111111111
COX16,66.66666666666666
BCL2L11,75.75757575757575
BCL2L11,70.0
BCL2L11,67.4074074074074
BCL2L11,68.93939393939394
BCL2L11,70.0
BCL2L11,96.7741935483871
BCL2L11,38.46153846153847
BCL2L11,39.0625
SPHK2,65.09433962264151
SPHK2,65.09433962264151
SPHK2,65.09433962264151
XPNPEP3,35.41666666666667
LIPT1,63.68563685636857
ALDH2,79.16666666666666
ACSL6,82.05128205128204
ACSL6,82.05128205128204
ACSL6,82.05128205128204
ACSL6,82.05128205128204
ATP5MD,58.97435897435898
ATP5MD,58.97435897435898
COA6,67.3469387755102
C1QBP,88.0
CASP8,43.01675977653631
CASP9,70.45454545454545
CBR3,65.51724137931035
PITRM1,64.07766990291263
PITRM1,64.07766990291263
NRDC,92.3076923076923
OSBPL1A,84.84848484848484
AHCYL1,68.08510638297872
AHCYL1,68.08510638297872
AHCYL1,68.08510638297872
AHCYL1,68.08510638297872
MTHFD1L,82.08955223880598
MTHFD1L,82.08955223880598
MTHFD1L,47.368421052631575
FDPS,63.63636363636363
FDPS,53.16455696202531
SIRT5,71.66666666666667
GUK1,76.08695652173914
GUK1,76.08695652173914
NAXD,73.07692307692307
NAXD,74.50980392156863
NAXD,81.25
AKAP1,94.91525423728814
AKAP1,94.91525423728814
ECSIT,47.482014388489205
NARS2,89.36170212765957
EFHD1,95.74468085106383
ACSF3,56.41025641025641
GLRX2,64.91228070175438
LETMD1,48.64864864864865
ATPAF1,73.33333333333333
CROT,63.63636363636363
NUDT8,57.14285714285714
PRXL2A,70.0
PRXL2A,70.0
PRXL2A,70.0
PRXL2A,70.0
PRXL2A,70.0
PDE2A,93.22033898305084
SPHK2,65.09433962264151
APEX1,79.06976744186046
NUDT2,69.6078431372549
BID,42.42424242424242
BID,42.42424242424242
BID,42.42424242424242
BID,42.42424242424242
IMMP2L,74.46808510638297
TMEM126A,48.05194805194805
DLST,80.48780487804879
GPAM,83.33333333333334
NUDT9,59.77011494252874
ACSS1,86.95652173913044
ACSS1,83.78378378378379
ACSS1,86.95652173913044
YME1L1,60.0
UQCRB,49.107142857142854
PNPLA8,36.31578947368421
PNPLA8,36.31578947368421
PNPLA8,36.31578947368421
PNPLA8,69.23076923076923
PNPLA8,69.23076923076923
NSUN4,69.04761904761905
NSUN4,69.04761904761905
GLS,79.01234567901234
PTGES2,81.42857142857143
BCO2,57.73195876288659
BCO2,57.73195876288659
BCO2,66.15384615384615
PRELID3B,94.82758620689656
ATPAF1,73.33333333333333
CMPK2,79.41176470588235
CMPK2,79.41176470588235
EPHX2,34.18803418803419
EPHX2,68.08510638297872
EPHX2,34.18803418803419
SSBP1,75.86206896551724
SSBP1,75.86206896551724
SSBP1,75.86206896551724
SSBP1,75.86206896551724
TSPO,74.46808510638297
TSPO,74.46808510638297
SLC25A1,87.5
TMEM126B,31.818181818181817
TMEM126B,31.818181818181817
PRORP,43.75
PRORP,50.79365079365079
PRORP,58.333333333333336
PRORP,58.333333333333336
SEPTIN4,40.42553191489361
SEPTIN4,40.42553191489361
CCDC51,50.950570342205324
CCDC51,50.950570342205324
CCDC51,50.950570342205324
CCDC51,50.950570342205324
CCDC51,50.950570342205324
CCDC51,50.950570342205324
NDUFB3,80.0
COX14,58.82352941176471
COX14,58.82352941176471
ATP5F1A,73.07692307692307
ATP5F1A,73.07692307692307
BCS1L,82.2429906542056
BCS1L,82.2429906542056
BCS1L,82.2429906542056
CRAT,29.978118161925604
FDXR,65.57377049180327
FDXR,65.57377049180327
FDXR,65.57377049180327
FDXR,65.57377049180327
FDXR,65.57377049180327
NDUFA12,75.86206896551724
SPATA20,75.0
SPATA20,75.0
IDH3B,73.07692307692307
ATPSCKMT,54.166666666666664
ATPSCKMT,54.166666666666664
CLPB,71.05263157894737
CLPB,71.05263157894737
CLPB,71.05263157894737
ACOD1,61.18421052631579
TOP1MT,82.8125
TOP1MT,82.8125
FASTK,35.294117647058826
MGST1,62.66666666666667
MGST1,43.28358208955223
TXNRD1,61.39240506329114
TXNRD1,61.39240506329114
TBRG4,43.93939393939394
SLC25A25,93.33333333333333
MGST1,49.122807017543856
PHB2,95.3125
SLIRP,54.761904761904766
SLIRP,53.65853658536586
ALDH1L1,72.0
ALDH1L1,68.29268292682927
MIGA1,57.30337078651685
ACADVL,80.28169014084507
ACADVL,80.28169014084507
MAOA,79.3103448275862
TST,74.75247524752476
STOM,95.45454545454545
STOM,93.10344827586206
MCU,92.64705882352942
MCU,92.64705882352942
BCL2L13,91.81818181818183
BCL2L13,90.17857142857143
BCL2L13,88.57142857142857
BCL2L13,91.81818181818183
BCL2L13,91.81818181818183
BCL2L13,91.81818181818183
BCL2L13,80.48780487804879
BCL2L13,90.0
BCL2L13,64.1025641025641
BCL2L13,80.48780487804879
TFAM,51.21951219512195
MPC1,79.24528301886792
SLC25A10,82.22222222222221
SLC25A10,82.22222222222221
SQOR,89.39393939393939
ANTKMT,56.25
TTC19,60.3448275862069
MTCH1,55.172413793103445
PYCR2,68.42105263157895
ABCB7,87.64044943820225
ABCB7,87.64044943820225
ABCB7,87.64044943820225
ABCB7,87.64044943820225
DUS2,83.33333333333334
DUS2,83.33333333333334
PRELID1,73.83177570093457
TARS2,63.38028169014085
TARS2,63.38028169014085
BCKDK,93.47826086956522
TK2,34.46808510638298
TK2,34.42622950819672
RMND1,83.33333333333334
ISCA2,40.0
TRAP1,51.28205128205128
TK2,35.08771929824561
C16orf91,38.70967741935484
ABHD10,64.61538461538461
LONP1,58.95522388059702
LONP1,58.95522388059702
SDHD,40.476190476190474
SDHD,66.66666666666666
SDHD,68.75
MFF,81.57894736842105
MFF,82.25806451612904
MFF,82.25806451612904
MFF,82.25806451612904
MFF,82.25806451612904
MFF,82.25806451612904
MFF,86.79245283018868
MFF,82.25806451612904
CASP9,55.73770491803278
CDK5RAP1,79.74683544303798
CDK5RAP1,83.09859154929578
CDK5RAP1,79.74683544303798
SDHC,80.0
SLC25A45,37.4468085106383
SLC25A45,37.4468085106383
MRPL45,69.35483870967742
DIABLO,44.06779661016949
DIABLO,53.63636363636364
DIABLO,54.761904761904766
DIABLO,44.06779661016949
DNM1L,67.48466257668711
DNM1L,67.48466257668711
DNM1L,67.48466257668711
DNM1L,67.48466257668711
PDK1,63.86554621848739
LIAS,87.03703703703704
LIAS,54.166666666666664
LIAS,59.67741935483871
ALDH6A1,87.73584905660378
ALDH6A1,91.01123595505618
NDUFB9,76.08695652173914
NDUFB9,76.27118644067797
FBXL4,79.04191616766467
HARS2,71.26436781609196
HARS2,71.26436781609196
LYPLA1,65.625
LYPLA1,75.0
LYPLA1,77.27272727272727
LYPLA1,75.0
LYPLA1,75.0
SURF1,72.41379310344827
GLS2,72.8395061728395
GLS2,72.8395061728395
GLS2,72.8395061728395
GFM2,51.74825174825175
RCC1L,82.25806451612904
FASTKD1,42.857142857142854
PHB,94.28571428571428
PHB,98.14814814814815
HADHB,85.48387096774194
HADHB,85.48387096774194
PHB,94.28571428571428
ETFDH,63.06306306306306
ETFDH,63.06306306306306
NLRX1,58.349705304518665
NLRX1,58.349705304518665
SLC25A14,88.0
SLC25A14,88.0
SLC25A14,88.0
SLC25A14,88.0
ARMCX2,45.0
PYCR1,86.66666666666667
PYCR1,81.70731707317073
PYCR1,81.70731707317073
ABCB8,67.88990825688074
ABCB8,84.12698412698413
ABCB8,67.88990825688074
NLRX1,58.349705304518665
MDH2,69.6078431372549
MDH2,71.72413793103448
NDUFA5,76.47058823529412
NDUFA5,76.47058823529412
NDUFA5,76.47058823529412
NDUFA5,46.15384615384615
TXNRD2,67.94871794871796
DBI,77.02702702702703
DBI,77.02702702702703
DBI,77.02702702702703
DBI,82.14285714285714
TRMU,77.96610169491525
TRMU,80.0
TRMU,78.43137254901961
TRMU,77.27272727272727
TCAIM,74.66666666666667
TCAIM,74.66666666666667
TCAIM,74.66666666666667
PMPCA,74.44444444444444
PMPCA,74.44444444444444
DHRS4,72.3076923076923
DHRS4,72.3076923076923
DHRS4,72.3076923076923
DHRS4,72.3076923076923
DHRS4,72.3076923076923
NUDT13,53.73134328358209
NUDT13,68.88888888888889
NUDT13,63.63636363636363
NUDT13,63.63636363636363
NUDT13,63.63636363636363
ACSF3,48.175182481751825
BCAT2,64.51612903225806
SERHL2,58.06451612903226
NDUFB8,77.27272727272727
NDUFB8,80.0
TAMM41,78.57142857142857
PTCD2,36.231884057971016
PTCD2,36.231884057971016
PTCD2,36.231884057971016
ACADM,77.14285714285715
ACADM,77.14285714285715
ACADM,77.14285714285715
CCDC90B,52.23880597014925
CCDC90B,52.80898876404494
CCDC90B,51.21951219512195
CCDC90B,51.21951219512195
CCDC90B,50.66666666666667
SLC25A44,74.13127413127413
GOT2,59.82142857142857
HAGH,64.40677966101694
MRS2,82.0
MRS2,69.6969696969697
MRS2,64.86486486486487
TOMM40L,52.87356321839081
TOMM40L,52.87356321839081
NME4,35.84905660377358
NME4,48.46153846153846
NME4,49.523809523809526
NME4,49.523809523809526
NME4,49.523809523809526
NME4,49.523809523809526
DGLUCY,63.63636363636363
DGLUCY,63.63636363636363
DGLUCY,63.63636363636363
DGLUCY,43.103448275862064
PIF1,75.92592592592592
PIF1,75.92592592592592
PIF1,75.92592592592592
DNAJA3,79.59183673469387
MTERF3,62.5
AADAT,67.56756756756756
AADAT,67.56756756756756
RMDN1,70.37037037037037
ACSL1,81.42857142857143
ACSL1,81.42857142857143
ACSL1,81.42857142857143
ACSL1,89.74358974358975
RMDN1,70.37037037037037
MRPS27,56.060606060606055
MRPS27,56.060606060606055
OCIAD2,41.02564102564102
OCIAD2,39.285714285714285
LETM2,80.59701492537313
SLC25A30,83.72093023255815
SLC25A30,83.72093023255815
LETM2,44.73684210526316
LETM2,45.45454545454545
RNASEH1,39.80582524271845
RNASEH1,39.80582524271845
STOML2,72.85714285714285
STOML2,71.01449275362319
STOML2,71.01449275362319
D2HGDH,84.84848484848484
NADK2,84.78260869565217
NADK2,84.78260869565217
SLC25A1,87.5
SMIM8,57.77777777777777
LACTB,87.87878787878788
DCAKD,62.31884057971014
DCAKD,62.31884057971014
RHOT1,88.23529411764706
RHOT1,73.86363636363636
RHOT1,88.23529411764706
DMPK,50.505050505050505
DMPK,50.505050505050505
DMPK,48.0
FPGS,52.02702702702703
IFI27,94.44444444444444
IFI27,50.0
IFI27,94.44444444444444
IFI27,50.0
IFI27,50.0
IFI27,50.0
IFI27,48.93617021276596
ACSF2,81.25
ACSF2,81.25
ACSF2,81.25
ACSF2,81.25
ACSF2,81.25
IFI27,50.0
DLD,93.75
DLD,93.75
DLD,93.75
IDH2,75.24752475247524
COX10,66.39344262295081
PIGBOS1,38.63636363636363
HTD2,63.95348837209303
DECR1,60.75949367088608
DHODH,73.17073170731707
ECH1,31.12033195020747
FABP1,64.28571428571429
GATM,87.5
NIPSNAP2,51.02040816326531
BLOC1S1,67.6056338028169
GSTZ1,70.83333333333334
MRPL58,59.32203389830508
ACAA1,81.53846153846153
ACADL,64.63414634146342
ACADSB,70.4225352112676
AK2,76.92307692307693
SLC25A6,70.11494252873564
APEX1,79.06976744186046
ARF5,66.08187134502924
ARL2,46.666666666666664
ATP5PF,75.43859649122807
ATP5F1B,98.59154929577466
ATP5F1D,74.50980392156863
ATP5PB,62.5
ATP5MC3,57.54716981132076
ATP5PO,61.40350877192983
AUH,32.196969696969695
CA5A,60.86956521739131
CAT,58.16326530612245
CKMT2,82.27848101265823
COX4I1,47.74774774774775
COX5B,79.41176470588235
COX6B1,55.12820512820513
COX7A1,37.77777777777778
COX7A2,43.75
COX7B,57.14285714285714
COX7C,76.31578947368422
CPS1,89.85507246376811
CPT1A,30.529595015576323
CRYZ,76.47058823529412
CYC1,70.66666666666667
DBT,72.46376811594203
ECI1,57.6271186440678
DLAT,82.75862068965517
DLST,79.22077922077922
DUT,55.00000000000001
EHHADH,59.76190476190476
EPHX2,34.18803418803419
ETFB,92.3076923076923
ACSL1,81.42857142857143
FDPS,62.121212121212125
FHIT,77.08333333333334
FTH1,57.30337078651685
GARS1,87.87878787878788
GOT2,59.82142857142857
GPX4,69.84126984126983
GRSF1,77.58620689655173
HSPD1,88.77551020408163
HSPE1,80.3921568627451
IDH2,75.24752475247524
IVD,83.87096774193549
LDHB,84.50704225352112
LIG3,92.0
ME2,98.11320754716981
MPV17,36.477987421383645
MTIF2,88.52459016393442
MTX1,75.0
NDUFA2,81.08108108108108
NDUFA4,62.06896551724138
NDUFA6,83.72093023255815
NDUFB3,80.0
NDUFB5,47.928994082840234
NDUFB6,46.774193548387096
NDUFC1,50.0
NDUFS4,89.65517241379311
NDUFS8,73.07692307692307
NME3,56.08108108108109
NRDC,92.3076923076923
NTHL1,47.16981132075472
OGDH,90.54054054054053
OGG1,73.77049180327869
PDE2A,93.22033898305084
PDK1,63.86554621848739
PDK2,47.337278106508876
PDK4,51.75438596491229
PHB,94.28571428571428
SLC25A3,75.39936102236422
POLB,87.75510204081633
POLG,55.55555555555556
PRKACA,38.17204301075269
ABCD3,37.71186440677966
ALDH18A1,68.54838709677419
RNASEH1,39.80582524271845
MRPL12,64.28571428571429
SCP2,92.45283018867924
SDHB,45.39473684210527
SDHC,71.42857142857143
SDHD,66.66666666666666
SPG7,39.53488372093023
SPR,69.38775510204081
SSBP1,75.86206896551724
SUPV3L1,77.77777777777779
SURF1,72.41379310344827
TFAM,51.21951219512195
TST,74.75247524752476
TUFM,69.38775510204081
TXNRD1,61.39240506329114
UCP2,74.24242424242425
UCP3,75.0
UNG,80.64516129032258
UQCRC1,61.19402985074627
UQCRC2,51.388888888888886
VDAC1,89.47368421052632
VDAC2,90.76923076923077
PDHX,69.76744186046511
AKAP1,94.91525423728814
SLC25A11,91.30434782608695
NIPSNAP1,89.58333333333334
KMO,67.74193548387096
AKR7A2,40.32258064516129
SLC25A12,93.75
ALDH4A1,78.66666666666666
MRPL40,42.70833333333333
PEX11B,35.88516746411483
SUCLG2,53.10880829015544
SUCLG1,47.176079734219265
SUCLA2,72.27272727272728
TMEM11,95.95375722543352
ATP5F1A,73.07692307692307
BCL2A1,42.10526315789473
BCL2L2,59.22330097087378
BDH1,81.93548387096774
BNIP3,59.04761904761905
COX8A,50.0
CRY1,92.37288135593221
CS,75.82938388625593
TIMM8A,90.56603773584906
ECHS1,74.08759124087592
STOM,95.45454545454545
FASN,50.526315789473685
FDX1,90.9090909090909
FDXR,65.57377049180327
HSPA9,50.71174377224199
IDH3G,74.60317460317461
NDUFB7,64.81481481481481
SDHA,95.58823529411765
AIFM1,89.65517241379311
COX5A,70.9090909090909
RECQL4,66.30434782608695
SLC25A27,33.10344827586207
PMPCB,87.65432098765432
MTRF1,72.05882352941177
ABCB7,87.64044943820225
BAD,64.81481481481481
BAX,49.166666666666664
BCS1L,82.2429906542056
BNIP3L,94.11764705882352
BPHL,70.1492537313433
CASP3,81.57894736842105
COX6A1,78.72340425531915
COX6C,65.71428571428571
COX11,86.15384615384616
COX15,81.42857142857143
CPT1B,27.00892857142857
DMPK,50.505050505050505
ENDOG,74.76635514018692
ETFDH,63.06306306306306
GCSH,93.33333333333333
HSD17B10,69.49152542372882
IDI1,73.58490566037736
MGST3,76.31578947368422
NDUFA1,52.94117647058824
NDUFA3,73.52941176470588
NDUFA10,55.434782608695656
NDUFB1,55.10204081632652
NDUFB2,65.78947368421053
NDUFB4,50.40650406504065
NDUFB10,35.869565217391305
NDUFC2,45.55555555555556
NDUFS2,78.57142857142857
NDUFS3,86.53846153846155
NDUFS5,59.45945945945946
NDUFS6,95.1219512195122
PRKN,94.54545454545455
PCK2,77.77777777777779
GATB,64.19753086419753
SEPTIN4,40.42553191489361
SCO1,52.97029702970298
TK2,34.41295546558704
TOP3A,46.41509433962264
DAP3,63.63636363636363
GATD3A,59.45945945945946
COX7A2L,72.3404255319149
TBRG4,43.93939393939394
SNAP29,75.43859649122807
LONP1,58.95522388059702
SPTLC2,87.6923076923077
ATP5MF,38.82352941176471
MRPL33,65.0
ATP5MPL,32.55813953488372
PRDX6,67.79661016949152
MRPL49,45.13888888888889
FPGS,52.02702702702703
IDE,93.61702127659575
NDUFA5,76.47058823529412
NDUFA7,77.55102040816327
NDUFA9,66.07142857142857
NDUFAB1,73.33333333333333
NDUFB8,77.27272727272727
NDUFB9,76.38888888888889
NDUFS1,93.47826086956522
NME4,47.79874213836478
OXA1L,47.32142857142857
POLRMT,59.48905109489051
EXOG,63.63636363636363
SCO2,62.365591397849464
DNAJA3,79.59183673469387
ABCD2,70.11834319526628
ATP5F1C,70.0
ATP5MC1,58.42696629213483
ATP5MC2,58.82352941176471
COX6A2,56.52173913043478
GFER,74.57627118644068
GLUD1,84.0
HAGH,48.275862068965516
HADH,31.52542372881356
HCCS,86.56716417910447
HINT1,89.0909090909091
PDHA2,81.48148148148148
PDK3,83.33333333333334
SHMT2,86.76470588235294
HMGCS2,71.51162790697676
DNAJC4,67.56756756756756
IDH3A,92.42424242424242
IFI27,50.0
KARS1,64.38356164383562
ALDH6A1,87.73584905660378
NIT1,71.76470588235294
ACSM3,68.57142857142857
VDAC3,82.89473684210526
ABCB6,48.07692307692308
DNM1L,67.48466257668711
COX17,74.28571428571429
ERAL1,68.96551724137932
TSFM,62.5
PPIF,78.39506172839506
AASS,90.74074074074075
NME6,80.3921568627451
DHRS2,70.76923076923077
PRDX2,84.61538461538461
MRPS31,74.6268656716418
TIMM17B,89.36170212765957
RIDA,75.67567567567568
GLYAT,42.5
BCKDK,97.72727272727273
SLC25A3,74.16107382550335
NBR1,59.80392156862745
MDH2,71.72413793103448
MIPEP,57.291666666666664
MOCS1,57.95454545454546
SLC25A1,87.5
UQCRFS1,74.25742574257426
UQCRH,80.35714285714286
CLPP,49.629629629629626
ALKBH1,55.319148936170215
PREPL,61.8421052631579
MICU1,87.87878787878788
ACAA2,77.04918032786885
TOMM40,87.5
ECI2,70.0
PHYH,84.61538461538461
UQCRB,75.0
TIMM23,94.28571428571428
LYPLA1,75.0
TIMM17A,90.9090909090909
SLC30A9,82.6086956521739
TIMM44,84.61538461538461
ATP5PD,54.71698113207547
PRDX4,56.32183908045977
HTATIP2,51.85185185185185
MRPL28,68.25396825396825
TXNRD2,67.94871794871796
MTHFS,76.0
PAICS,64.75409836065575
ATP5MG,70.6896551724138
BCL2L11,37.03703703703704
PRELID3A,60.60606060606061
MTX2,83.92857142857143
FARS2,71.75141242937853
AHCYL1,68.08510638297872
MTHFD2,71.60493827160494
CLPX,83.33333333333334
ME3,90.74074074074075
FASTK,35.294117647058826
PRDX3,84.21052631578947
AFG3L2,80.89887640449437
TOMM34,73.58490566037736
ACOT2,67.66169154228857
UQCR11,44.73684210526316
IMMT,71.92118226600985
LIAS,87.03703703703704
TDRKH,74.13793103448276
ATP5F1E,79.54545454545455
IDH3B,73.07692307692307
PPA2,64.61538461538461
PYCR1,81.70731707317073
MTERF1,47.701149425287355
NUDT6,74.80916030534351
ATP5ME,48.57142857142857
SARDH,83.5820895522388
NDUFV1,91.66666666666666
ABCB8,67.88990825688074
PLPBP,54.310344827586206
AKAP10,60.84656084656085
MRPL3,64.70588235294117
POLG2,50.3875968992248
CA5B,80.59701492537313
PXMP4,82.75862068965517
PARK7,86.79245283018868
ACOT7,80.64516129032258
COMT,45.13274336283185
CYB5R3,43.925233644859816
DNM1L,67.48466257668711
DNM1L,67.48466257668711
GLUD2,80.58252427184466
ABCB10,72.61904761904762
PRDX5,78.26086956521739
NOCT,83.05084745762711
MTO1,81.42857142857143
SLC25A10,82.22222222222221
DTYMK,70.0
FBXL4,79.04191616766467
FKBP8,33.77777777777778
ALDH1L1,72.0
TIMM10B,81.57894736842105
GRHPR,79.54545454545455
HARS2,71.26436781609196
MLYCD,73.18435754189943
MUTYH,80.76923076923077
GTPBP6,88.57142857142857
MSRB2,52.38095238095239
SIRT3,70.58823529411765
SIRT4,69.00584795321637
SIRT5,75.29411764705883
LETM1,51.5527950310559
MSRA,60.75949367088608
NNT,90.9090909090909
PICK1,55.769230769230774
TIMM10,95.91836734693877
TIMM13,45.65217391304348
TIMM8B,74.54545454545455
TIMM9,97.67441860465115
TXN2,78.43137254901961
PRELID1,73.83177570093457
DNAJC15,75.0
HTRA2,32.285714285714285
GLS2,72.8395061728395
PYCR2,82.92682926829268
TIMM22,94.23076923076923
SLC25A24,79.03225806451613
UQCR10,53.06122448979592
DMGDH,84.52380952380952
MRM2,51.78571428571429
AK4,91.37931034482759
AK2,75.71428571428571
STOML2,71.01449275362319
LIG3,92.0
GCDH,76.05633802816901
PRKN,94.54545454545455
PRKN,94.54545454545455
MRPS28,82.75862068965517
MRPS18B,41.53846153846154
ACAD9,81.66666666666667
MRPL42,62.5
HIGD1A,73.68421052631578
MACROD1,28.205128205128204
MRPL13,68.0
PRDX3,84.21052631578947
NUDT5,86.8421052631579
MRPL18,68.75
NDUFAF4,56.470588235294116
METTL5,80.64516129032258
MRPL15,84.070796460177
TIMM21,55.81395348837209
MRPL22,57.74647887323944
NDUFA8,82.14285714285714
HSD17B8,41.31736526946108
SLC25A13,94.23076923076923
SLC25A15,79.06976744186046
YME1L1,60.0
GCAT,50.0
ETHE1,86.36363636363636
ISCU,92.3076923076923
PDSS1,90.2439024390244
AMACR,62.31884057971014
PISD,87.65432098765432
MTCH1,69.23076923076923
MTCH2,74.35897435897436
HIBCH,80.76923076923077
FAM162A,65.11627906976744
ACAD8,59.23076923076923
SND1,54.67625899280576
GHITM,82.75862068965517
UQCRQ,62.745098039215684
MCAT,70.11494252873564
SERHL2,78.0
MTFR1,73.21428571428571
SLC25A44,82.45614035087719
PRORP,43.75
MRPL19,71.875
TOMM20,92.10526315789474
DELE1,42.68292682926829
ARMCX2,45.0
TOMM70,67.27272727272727
MFN2,88.1578947368421
PITRM1,64.07766990291263
GLS,79.01234567901234
FASTKD2,43.0
DHX30,72.85714285714285
VWA8,92.85714285714286
MRPS27,56.060606060606055
PMPCA,72.82608695652173
ACSL6,82.05128205128204
LARS2,74.25742574257426
BCL2L13,91.81818181818183
VPS13D,67.828418230563
SAMM50,94.0
MPC2,89.65517241379311
LETMD1,48.64864864864865
TMEM186,39.79057591623037
MTHFD1L,82.08955223880598
NIPSNAP3A,62.857142857142854
PNKD,58.620689655172406
DHRS7B,62.16216216216216
REXO2,69.64285714285714
PTCD1,41.312741312741316
ACOT11,86.53846153846155
OPA1,57.692307692307686
POLDIP2,64.83516483516483
MTG2,65.18518518518519
TRUB2,60.256410256410255
DMAC2L,66.66666666666666
COQ2,81.48148148148148
NFU1,96.72131147540983
MMADHC,81.69014084507043
PNPLA8,36.31578947368421
WARS2,61.74496644295302
NUDT13,63.63636363636363
LAP3,76.5625
GSTK1,70.58823529411765
LIPT1,63.68563685636857
MTERF3,69.11764705882352
MRPL2,87.14285714285714
MRPL4,72.54901960784314
NDUFA13,51.162790697674424
MRPS17,64.21052631578948
MRPS7,77.33333333333333
HEBP1,64.28571428571429
MECR,77.55102040816327
NDUFAF1,54.054054054054056
SLC25A39,64.40677966101694
TFB1M,82.35294117647058
LACTB2,85.48387096774194
RMDN1,70.37037037037037
MRPS2,73.07692307692307
COQ4,78.26086956521739
FAHD2A,39.8989898989899
PRELID3B,94.73684210526315
MRPL11,60.65573770491803
MRPL48,55.10204081632652
MRPS16,61.627906976744185
GLRX2,64.0
MRPS18C,59.25925925925925
FIS1,67.9245283018868
PAM16,88.88888888888889
MRPS23,72.0
MRPS33,63.63636363636363
BOLA1,54.74452554744526
PTRH2,67.05202312138728
GLOD4,80.85106382978722
CDK5RAP1,79.74683544303798
STYXL1,62.5
MPC1,79.24528301886792
COQ7,74.07407407407408
CHCHD2,83.33333333333334
HEMK1,52.63157894736842
AADAT,67.56756756756756
AK3,80.35714285714286
DCXR,57.89473684210527
TRAP1,51.28205128205128
ATP5IF1,86.36363636363636
PRODH,70.79646017699115
TACO1,50.0
ACP6,53.04347826086957
TRIAP1,70.0
CDK5RAP1,79.74683544303798
GLRX5,84.7457627118644
TMEM14C,76.74418604651163
COX16,66.66666666666666
MTRES1,36.25
MRPL37,60.0
MRPL51,76.11940298507463
MTFP1,73.07692307692307
MRPL27,63.23529411764706
HAO2,59.61538461538461
COA4,67.6923076923077
ECSIT,47.482014388489205
TIMMDC1,47.368421052631575
ARMCX3,54.23728813559322
ARMCX1,45.76271186440678
SLC25A37,73.25581395348837
MRPL35,81.9672131147541
MRPS30,78.4090909090909
OGG1,73.77049180327869
OGG1,73.77049180327869
OGG1,73.77049180327869
OGG1,73.77049180327869
OGG1,69.6969696969697
OGG1,73.77049180327869
OGG1,73.77049180327869
COQ3,66.01307189542483
MRPL39,63.23529411764706
FOXRED1,59.79381443298969
TRIT1,42.857142857142854
TRMT1,45.36082474226804
NSUN2,90.625
TTC19,60.3448275862069
DUS2,83.33333333333334
CHCHD3,76.08695652173914
TRMT10C,45.038167938931295
MARCHF5,90.66666666666666
SARS2,91.17647058823529
HDHD5,48.06201550387597
OCIAD1,49.09090909090909
DNAJC28,58.684210526315795
MRPL16,71.8562874251497
SDHAF2,75.0
TMEM70,58.620689655172406
THG1L,80.95238095238095
SLC25A38,58.536585365853654
ACSM5,72.85714285714285
OXSM,74.66216216216216
MTARC2,54.736842105263165
AURKAIP1,38.311688311688314
RMND1,83.33333333333334
TRMT61B,42.14876033057851
MCUB,60.86956521739131
STX17,53.65853658536586
PTCD3,83.33333333333334
MRPL20,78.94736842105263
PDPR,79.25925925925927
OXR1,52.307692307692314
TRMU,77.27272727272727
OSBPL1A,84.84848484848484
DMAC2,58.82352941176471
IARS2,70.49180327868852
MTPAP,64.15094339622641
DARS2,68.29268292682927
ELAC2,40.23668639053255
PNPO,72.09302325581395
MRPS18A,66.66666666666666
MRPS10,82.22222222222221
RMDN3,71.05263157894737
MRM3,56.32183908045977
SLC25A36,84.5360824742268
VPS13D,67.828418230563
ATAD3A,83.87096774193549
TMLHE,83.87096774193549
DNAJC11,60.14492753623188
EXD2,75.0
NAXD,73.07692307692307
COA1,48.837209302325576
AGK,67.3469387755102
UQCC1,77.77777777777779
OGDHL,93.44262295081968
TMEM143,65.75342465753424
ECHDC2,32.27091633466135
QRSL1,55.72519083969466
RHOT1,73.86363636363636
RFK,76.92307692307693
RSAD1,51.33333333333333
AGPAT5,81.08108108108108
SYNJ2BP,89.58333333333334
NIPSNAP3B,62.857142857142854
DDX28,51.67364016736402
ABHD10,61.81818181818181
CHDH,76.14213197969542
ADCY10,65.71428571428571
PDP1,89.19925512104282
CISD1,61.111111111111114
PLGRKT,73.91304347826086
ACOT13,74.24242424242425
ECHDC1,52.63157894736842
TMEM126B,31.818181818181817
PARL,83.6734693877551
PXMP2,56.09756097560976
DHTKD1,79.34782608695652
NDUFA12,76.36363636363637
RAB5IF,82.0
SLC25A40,62.31884057971014
CYCS,89.47368421052632
GDAP1,58.78787878787879
MRPS21,55.00000000000001
ARMCX6,40.625
MIEF1,86.33093525179856
MTRF1L,85.71428571428571
MRPL50,63.63636363636363
NDUFB11,66.66666666666666
TOMM7,82.35294117647058
CRLS1,85.71428571428571
MTFR1L,64.42307692307693
DIABLO,52.75590551181102
SPHK2,65.09433962264151
AGPAT4,67.64705882352942
SPIRE1,58.333333333333336
STARD7,56.94444444444444
MCCC1,67.53246753246754
SDHAF3,77.77777777777779
CMC2,74.19354838709677
MRPS22,75.67567567567568
MFF,81.57894736842105
SDR39U1,61.240310077519375
NT5M,71.11111111111111
NIT2,55.04587155963303
MRPL1,62.71186440677966
TOMM22,86.48648648648648
CHPT1,64.93506493506493
COQ8A,84.0909090909091
AKR1B10,35.45150501672241
MGST1,62.66666666666667
COQ9,85.18518518518519
RARS2,80.95238095238095
PLSCR3,52.21238938053098
PDSS2,85.45454545454545
BCL2L10,31.818181818181817
LYRM4,64.44444444444444
MRPL47,68.08510638297872
ADCK1,84.72222222222221
LYRM1,63.63636363636363
SMIM8,78.84615384615384
VARS2,48.35164835164835
LYRM2,70.96774193548387
DBI,77.02702702702703
MRS2,69.6969696969697
ABAT,91.37931034482759
NLN,80.80000000000001
AARS2,81.25
MAVS,37.735849056603776
PDP2,61.42322097378277
TRMT5,68.22429906542055
RDH14,81.25
GPAM,83.33333333333334
CKMT1B,85.52631578947368
DHRS4,72.3076923076923
NDUFV2,70.73170731707317
NDUFV3,67.44186046511628
NFS1,87.17948717948718
MRPS12,73.14814814814815
MPST,65.13761467889908
PMAIP1,62.5
MRPL23,51.85185185185185
CROT,29.085872576177284
SQOR,89.39393939393939
PRODH2,48.38709677419355
MYG1,76.36363636363637
SLC25A19,67.79661016949152
MRPS35,55.88235294117647
NIF3L1,88.23529411764706
CCDC90B,52.23880597014925
FASTKD5,46.386333771353485
TWNK,61.31578947368421
UCP1,56.71641791044776
GUF1,61.76470588235294
FKBP10,50.0
MCL1,71.26436781609196
MRPL17,48.113207547169814
NSUN3,55.833333333333336
XPNPEP3,79.5774647887324
MRPS14,80.95238095238095
OXCT2,75.92592592592592
GOLPH3,95.83333333333334
MCCC2,69.23076923076923
MRPL46,53.93258426966292
PC,84.88372093023256
PDF,53.289473684210535
OSGEPL1,75.36231884057972
TFB2M,49.122807017543856
MRPS25,50.63291139240506
PNKD,58.620689655172406
METTL17,37.59398496240601
ATPAF1,73.33333333333333
MTARC1,53.535353535353536
SFXN1,91.37931034482759
UCP3,75.0
SPATA20,75.0
MRPS11,80.0
METTL4,47.65625
NT5DC2,85.22727272727273
MRPL44,67.3076923076923
COA7,65.77181208053692
ANTKMT,58.333333333333336
FUNDC2,47.69230769230769
MRPS34,45.80152671755725
MRPL34,76.0
MRPL57,60.396039603960396
NUDT9,59.77011494252874
FASTKD3,42.857142857142854
SLC25A23,86.88524590163934
NDUFAF5,79.26829268292683
APOO,69.6969696969697
CHCHD7,56.75675675675676
NDUFS7,59.34959349593496
FDXR,65.57377049180327
PGS1,75.97765363128491
MAIP1,46.3768115942029
CARS2,89.13043478260869
MRPL24,62.5
MUL1,68.44262295081968
ACSS3,68.29268292682927
NLRX1,58.349705304518665
FASTKD1,42.857142857142854
RTL10,41.17647058823529
YRDC,63.49206349206349
CCDC51,50.950570342205324
NARS2,38.20224719101123
TEFM,54.966887417218544
ECHDC3,69.23076923076923
SLC25A22,75.0
ISOC2,62.16216216216216
SUGCT,80.7017543859649
PTCD2,70.0
AGMAT,75.67567567567568
METTL8,64.0
RBFA,52.459016393442624
DCAKD,62.31884057971014
THNSL1,67.6985195154778
MRM1,46.666666666666664
COQ8B,58.490566037735846
L2HGDH,81.03448275862068
TRMT2B,42.0
DGLUCY,63.63636363636363
SLC8B1,83.92857142857143
PANK2,75.0
GFM1,64.86486486486487
PIF1,75.92592592592592
PTGES2,81.42857142857143
MYO19,61.904761904761905
OPA3,76.59574468085107
COQ10B,76.47058823529412
ACSF2,81.25
TARS2,63.38028169014085
NUBPL,85.36585365853658
GRPEL1,90.35087719298247
MTERF2,58.448753462603875
EFHD1,95.74468085106383
FLAD1,58.43137254901961
PUS1,79.0909090909091
COASY,56.57894736842105
ACAD10,50.649350649350644
TMEM177,39.93399339933993
CYB5B,60.273972602739725
SPHKAP,43.74021909233177
SLC25A21,91.80327868852459
SLC25A32,84.61538461538461
RCC1L,82.25806451612904
MRPS26,50.0
CLPB,71.05263157894737
TBRG4,43.93939393939394
ISCA1,97.95918367346938
SFXN3,78.78787878787878
FAHD1,73.39449541284404
QTRT1,76.92307692307693
SLIRP,53.48837209302325
SLC25A28,79.06976744186046
HDHD3,48.178137651821864
SIRT5,75.29411764705883
MRPS15,52.307692307692314
SLC25A31,55.68627450980392
MRPL9,62.96296296296296
SELENOO,57.04225352112676
HSDL1,62.98701298701299
SLC25A18,80.85106382978722
NBR1,59.80392156862745
NBR1,59.80392156862745
AGXT2,64.38356164383562
MRPS21,55.00000000000001
MRPS5,62.637362637362635
MRPL32,67.90123456790124
ARMC10,52.459016393442624
ATAD3B,62.92134831460674
BCO2,57.73195876288659
MRPS24,68.42105263157895
MRPL14,78.19548872180451
MRPL43,51.42857142857142
PCBD2,68.75
ACAD11,69.84126984126983
TOMM40L,52.87356321839081
TMEM126A,39.473684210526315
HSDL2,71.64179104477611
ALKBH7,61.66666666666667
CHCHD5,68.0
NOA1,52.09790209790209
COQ5,76.66666666666667
SLC25A33,52.083333333333336
DNAJC30,54.330708661417326
PRXL2A,70.0
UQCC2,83.33333333333334
CHCHD6,54.347826086956516
MRPL45,69.84126984126983
COA8,75.75757575757575
GFM2,51.74825174825175
PINK1,56.666666666666664
C15orf48,59.09090909090909
MRPS6,77.55102040816327
MRPL41,56.934306569343065
MRPL38,44.52054794520548
MRPL36,71.05263157894737
ACSS1,86.95652173913044
BOK,73.33333333333333
IMMP2L,74.46808510638297
ACCS,76.92307692307693
HINT2,45.28301886792453
MCEE,78.02197802197803
COX4I2,45.714285714285715
GTPBP3,65.45454545454545
USP30,72.72727272727273
MPV17L2,46.198830409356724
RTN4IP1,78.68852459016394
ATP5MD,58.97435897435898
HPDL,42.32673267326732
CBR4,77.58620689655173
RPUSD4,77.02702702702703
AIFM2,66.19718309859155
MIGA2,93.47826086956522
ATAD1,36.15384615384615
CEP89,71.73913043478261
FAM136A,78.68852459016394
LACTB,70.39106145251397
SERAC1,77.77777777777779
COX14,58.82352941176471
PYURF,72.09302325581395
BAD,64.81481481481481
CASP3,81.57894736842105
CASP9,70.45454545454545
FASTK,35.294117647058826
HDHD5,48.06201550387597
GTPBP10,41.30434782608695
PNPT1,70.6896551724138
LDHAL6B,81.03448275862068
ATP23,72.6027397260274
MRPS36,49.25373134328358
SMDT1,71.69811320754717
CASP8,43.01675977653631
CASP8,43.01675977653631
CASP8,36.231884057971016
MRPS12,73.14814814814815
MRPS12,73.14814814814815
TMEM205,49.45054945054945
SLC25A51,72.06896551724138
DMAC1,41.17647058823529
MFN1,76.92307692307693
DAP3,63.63636363636363
MMAB,81.81818181818183
GADD45GIP1,45.07042253521127
ADCK2,47.39583333333333
MGME1,48.214285714285715
SLC25A25,84.90566037735849
ACSM1,64.0
TOP1MT,82.8125
MRPS33,63.63636363636363
MRPL53,46.03174603174603
THEM4,64.44444444444444
YBEY,74.28571428571429
COX15,81.42857142857143
ABCA9,54.23728813559322
SEPTIN4,95.65217391304348
SEPTIN4,40.42553191489361
OSBPL1A,84.84848484848484
APEX1,79.06976744186046
APEX1,79.06976744186046
NEU4,50.88495575221239
ROMO1,86.36363636363636
MRPL39,63.23529411764706
FAM210B,84.84848484848484
PABPC5,57.03703703703704
UNG,80.64516129032258
DGUOK,45.83333333333333
DGUOK,47.540983606557376
RAB24,86.66666666666667
OPA1,57.692307692307686
OPA1,57.692307692307686
OPA1,57.692307692307686
OPA1,57.692307692307686
OPA1,57.692307692307686
OPA1,57.692307692307686
OPA1,57.692307692307686
COX7B2,44.230769230769226
LRPPRC,65.07936507936508
GPT2,85.36585365853658
GTPBP3,65.45454545454545
MTO1,81.42857142857143
MCU,92.64705882352942
TIMM29,45.535714285714285
OXNAD1,71.60493827160494
MTG1,69.23076923076923
MARS2,64.63104325699746
RDH13,47.368421052631575
HOGA1,62.121212121212125
MCRIP2,59.09090909090909
MTFR2,56.86274509803921
SDSL,75.51020408163265
MALSU1,62.31884057971014
DHRS1,56.0126582278481
PRELID2,53.333333333333336
HINT3,77.77777777777779
PGAM5,62.19512195121951
BCL2L1,71.05263157894737
DHX30,72.85714285714285
BCL2L11,67.4074074074074
BCL2L11,67.4074074074074
BCL2L11,37.03703703703704
BCL2L11,67.64705882352942
BCL2L11,70.0
BCL2L11,67.64705882352942
BCL2L11,67.44186046511628
BAX,46.09375
BAX,45.66929133858268
BAX,49.572649572649574
RHOT2,46.875
SLC25A46,78.68020304568529
MRRF,68.75
LYPLAL1,70.0
TAMM41,78.57142857142857
HIGD2A,50.0
DIABLO,54.761904761904766
MIEF2,45.8966565349544
MTFMT,79.06976744186046
PPTC7,82.92682926829268
YME1L1,60.0
RPIA,54.45544554455446
ANGEL2,79.72027972027972
COQ10A,75.75757575757575
SFXN5,83.33333333333334
COMTD1,65.95744680851064
COX6B2,38.666666666666664
CHCHD4,95.38461538461539
ADHFE1,80.3030303030303
LETM2,80.59701492537313
AIFM3,61.111111111111114
NDUFAF7,79.03225806451613
NAXE,77.61194029850746
IMMP1L,69.81132075471697
C6orf136,55.55555555555556
HTRA2,59.45945945945946
LIPT1,63.68563685636857
LIPT1,63.68563685636857
LIPT1,63.68563685636857
MRPL30,70.0
OMA1,53.65853658536586
MRPL10,34.57943925233645
DNAJC19,54.666666666666664
GLYCTK,49.83277591973244
CCDC127,55.88235294117647
SDHAF4,92.10526315789474
SLC25A48,71.26436781609196
SLC25A43,69.51219512195121
AFG1L,54.32098765432099
MRPL33,36.53846153846153
MRPL35,80.0
ATPAF2,91.66666666666666
MRPL24,62.5
MGST1,62.66666666666667
MGST1,62.66666666666667
MGST1,62.66666666666667
AIFM1,89.65517241379311
AIFM1,89.65517241379311
GSTZ1,70.83333333333334
GSTZ1,72.3404255319149
MRPL4,72.54901960784314
MRPL4,91.66666666666666
ACOT11,86.53846153846155
NUDT2,69.6078431372549
NUDT2,69.6078431372549
RCC1L,82.25806451612904
MIEF2,45.8966565349544
MRPL10,34.57943925233645
ABHD11,55.072463768115945
ABHD11,55.072463768115945
CPT1B,27.00892857142857
CPT1B,27.00892857142857
PARS2,59.61945031712473
C12orf65,51.80722891566265
FAM210A,64.76190476190476
CPT1C,26.682692307692307
OCIAD2,41.02564102564102
GRPEL2,66.94915254237289
NDUFAF6,60.273972602739725
PPM1K,68.02721088435374
METTL15,91.66666666666666
PRIMPOL,83.78378378378379
SLC25A16,84.31372549019608
MICU2,80.0
HIBADH,92.45283018867924
D2HGDH,84.84848484848484
MTIF3,37.10691823899371
NAGS,23.770491803278688
NADK2,84.78260869565217
PUSL1,55.00000000000001
PRSS35,61.016949152542374
LDHD,73.61111111111111
PANK2,79.67479674796748
PANK2,75.0
C2orf69,64.85507246376811
SETD9,57.14285714285714
PYCR1,81.70731707317073
GFM2,64.17910447761194
GFM2,51.74825174825175
ALDH4A1,78.66666666666666
MRPL11,60.65573770491803
MRPL11,62.295081967213115
ALDH5A1,87.14285714285714
LACTB,87.87878787878788
HSCB,52.27272727272727
MRPL42,62.5
MMAA,70.2127659574468
MRPL54,45.0
MCAT,64.8854961832061
SLC25A26,89.13043478260869
SLC25A41,54.285714285714285
C3orf33,51.89873417721519
RPUSD3,60.37735849056604
ELAC2,40.23668639053255
FUNDC1,73.23943661971832
ETFBKMT,57.89473684210527
MPV17L,54.71698113207547
TCAIM,74.66666666666667
COX18,60.71428571428571
IDH3B,73.07692307692307
IDH3G,78.33333333333333
NDUFAF2,43.529411764705884
ACSF3,56.41025641025641
ADCK5,67.81609195402298
SPATA19,35.294117647058826
NDUFA11,26.923076923076923
PTPMT1,75.75757575757575
ZADH2,80.84415584415584
MRPL43,51.42857142857142
MRPL43,51.42857142857142
MRPL43,51.42857142857142
MRPS11,80.0
GATC,65.85365853658537
PPA2,80.43478260869566
PPA2,63.07692307692307
PPA2,64.61538461538461
FTMT,55.865921787709496
ARMCX3,54.23728813559322
ARMCX3,54.23728813559322
ARMCX2,45.0
PDE12,60.55276381909548
MRPL47,68.08510638297872
NMNAT3,69.02654867256636
ATP5IF1,86.36363636363636
ATP5IF1,86.36363636363636
MRPL52,68.18181818181817
SLC25A42,82.6530612244898
NAT8L,82.25806451612904
PLD6,70.23809523809523
SFXN2,84.48275862068965
MRPL52,68.18181818181817
MRPL52,60.86956521739131
TAZ,78.72340425531915
TAZ,78.72340425531915
TAZ,78.72340425531915
OXR1,52.307692307692314
FXN,87.87878787878788
MRPL55,50.877192982456144
MRPL55,50.877192982456144
MRPL55,50.877192982456144
MRPL55,50.877192982456144
MRPL55,53.84615384615385
MRPL55,50.877192982456144
MRPL55,50.877192982456144
MRPL55,50.877192982456144
MRPL21,75.0
MRPL21,75.0
PRDX5,78.72340425531915
PRDX5,91.17647058823529
LYRM7,68.31683168316832
MICU3,87.93103448275862
NUDT8,42.05607476635514
ACOT7,80.64516129032258
ACOT7,80.64516129032258
ACOT7,80.64516129032258
COQ6,72.05882352941177
COQ6,72.05882352941177
MTERF4,60.67415730337079
CMC1,51.02040816326531
SLC25A45,37.28813559322034
THEM5,50.0
ACSM2B,60.78431372549019
MRPS9,67.6056338028169
AADAT,67.56756756756756
TXNRD1,61.39240506329114
NDUFB6,46.774193548387096
TXNRD1,61.39240506329114
TXNRD1,61.39240506329114
MCL1,29.78723404255319
DHRS2,70.76923076923077
TRNT1,78.57142857142857
PRELID2,54.23728813559322
COX8C,29.310344827586203
NNT,90.9090909090909
BCKDHB,94.33962264150944
PXMP4,84.61538461538461
ISCA2,87.93103448275862
TMEM65,97.82608695652173
LDHD,75.36231884057972
LIAS,87.03703703703704
C15orf48,59.09090909090909
GLRX2,57.971014492753625
FMC1,85.07462686567165
BID,42.42424242424242
BID,42.42424242424242
NUDT9,69.23076923076923
NUDT6,76.5625
HIBCH,80.76923076923077
COX20,73.17073170731707
MSRB3,67.27272727272727
GATD3A,84.31372549019608
STOM,81.48148148148148
APOOL,76.31578947368422
TMEM205,49.45054945054945
MIGA1,57.30337078651685
ACLY,98.48484848484848
ACACA,69.87179487179486
ACACA,69.87179487179486
ACACA,69.87179487179486
ACACA,69.87179487179486
ACACA,69.87179487179486
MTX1,68.51851851851852
PTGES2,81.42857142857143
NSUN4,69.04761904761905
NDUFAF3,59.375
NDUFAF3,57.14285714285714
NDUFAF3,57.14285714285714
NDUFAF3,57.14285714285714
TBRG4,43.93939393939394
ATPSCKMT,76.92307692307693
ALAS1,93.75
MRRF,68.75
METAP1D,87.27272727272727
SPG7,91.80327868852459
POLQ,85.13513513513513
HSPD1,88.77551020408163
RAB5IF,82.85714285714286
UQCC1,77.77777777777779
WARS2,74.72527472527473
GPX1,70.3125
FLAD1,58.43137254901961
SLC25A35,63.49206349206349
GLYAT,33.587786259541986
ACSM3,68.57142857142857
CHCHD1,82.05128205128204
BDH1,81.93548387096774
BDH1,81.93548387096774
AMACR,62.19512195121951
AK4,91.37931034482759
MICOS13,48.148148148148145
PRELID2,53.333333333333336
CLYBL,65.625
ECI2,71.1864406779661
BCL2L11,67.3913043478261
BCL2L11,74.19354838709677
SLC25A47,27.67527675276753
CMPK2,79.41176470588235
GPAT2,40.963855421686745
SPRYD4,58.94736842105262
SLC25A34,61.904761904761905
TOMM20L,40.98360655737705
PRKACA,38.009049773755656
BOLA3,64.70588235294117
ISCU,92.3076923076923
SLC25A3,75.39936102236422
SFXN4,60.71428571428571
SLC25A24,79.03225806451613
CHCHD10,68.88888888888889
RP11_469A15.2,32.075471698113205
MT-ND1,62.295081967213115
MT-CO2,58.06451612903226
MT-ATP6,45.25547445255474
MT-CO3,81.81818181818183
MT-ND4L,35.294117647058826
MT-ND4,49.112426035502956
MT-ND5,39.473684210526315
MT-CYB,41.02564102564102
